"Tube","Concentration (µM)","Source","Take (µL)","Diluent (µL)","Mixed volume (µL)","Transfer out (µL)","Remaining (µL)","Required (µL)","Sufficient?","operations","operationVersion","pipettingCheck","context","task","mode","method","resultStatus","warnings","assumptions","inputs","outputs","displayUnits","structuredWarnings"
"1","100","已备起始液 / Prepared starting solution","100","0","100","10","90","未设置 / Unspecified","未评估 / Not assessed","[{""id"":""serial-dilution:row:0:diluentUl"",""component"":""稀释液 (µL) / Diluent (µL)"",""source"":""stock:diluentUl"",""destination"":""serial-dilution:1"",""repetitions"":1,""planVersion"":""liquid-operations-v2"",""basis"":""theoretical"",""componentId"":""diluentUl"",""inputRow"":""0"",""sample"":""1"",""role"":""add"",""quantity"":{""value"":0,""unit"":""µL"",""dimension"":""volume""}},{""id"":""serial-dilution:row:1:takeUl"",""component"":""取液量 (µL) / Take (µL)"",""source"":""Tube 1"",""destination"":""serial-dilution:2"",""repetitions"":1,""planVersion"":""liquid-operations-v2"",""basis"":""theoretical"",""componentId"":""takeUl"",""inputRow"":""1"",""sample"":""2"",""role"":""transfer"",""quantity"":{""value"":10,""unit"":""µL"",""dimension"":""volume""}},{""id"":""serial-dilution:row:1:diluentUl"",""component"":""稀释液 (µL) / Diluent (µL)"",""source"":""stock:diluentUl"",""destination"":""serial-dilution:2"",""repetitions"":1,""planVersion"":""liquid-operations-v2"",""basis"":""theoretical"",""componentId"":""diluentUl"",""inputRow"":""1"",""sample"":""2"",""role"":""add"",""quantity"":{""value"":90,""unit"":""µL"",""dimension"":""volume""}},{""id"":""serial-dilution:row:2:takeUl"",""component"":""取液量 (µL) / Take (µL)"",""source"":""Tube 2"",""destination"":""serial-dilution:3"",""repetitions"":1,""planVersion"":""liquid-operations-v2"",""basis"":""theoretical"",""componentId"":""takeUl"",""inputRow"":""2"",""sample"":""3"",""role"":""transfer"",""quantity"":{""value"":10,""unit"":""µL"",""dimension"":""volume""}},{""id"":""serial-dilution:row:2:diluentUl"",""component"":""稀释液 (µL) / Diluent (µL)"",""source"":""stock:diluentUl"",""destination"":""serial-dilution:3"",""repetitions"":1,""planVersion"":""liquid-operations-v2"",""basis"":""theoretical"",""componentId"":""diluentUl"",""inputRow"":""2"",""sample"":""3"",""role"":""add"",""quantity"":{""value"":90,""unit"":""µL"",""dimension"":""volume""}},{""id"":""serial-dilution:row:3:takeUl"",""component"":""取液量 (µL) / Take (µL)"",""source"":""Tube 3"",""destination"":""serial-dilution:4"",""repetitions"":1,""planVersion"":""liquid-operations-v2"",""basis"":""theoretical"",""componentId"":""takeUl"",""inputRow"":""3"",""sample"":""4"",""role"":""transfer"",""quantity"":{""value"":10,""unit"":""µL"",""dimension"":""volume""}},{""id"":""serial-dilution:row:3:diluentUl"",""component"":""稀释液 (µL) / Diluent (µL)"",""source"":""stock:diluentUl"",""destination"":""serial-dilution:4"",""repetitions"":1,""planVersion"":""liquid-operations-v2"",""basis"":""theoretical"",""componentId"":""diluentUl"",""inputRow"":""3"",""sample"":""4"",""role"":""add"",""quantity"":{""value"":90,""unit"":""µL"",""dimension"":""volume""}},{""id"":""serial-dilution:row:4:takeUl"",""component"":""取液量 (µL) / Take (µL)"",""source"":""Tube 4"",""destination"":""serial-dilution:5"",""repetitions"":1,""planVersion"":""liquid-operations-v2"",""basis"":""theoretical"",""componentId"":""takeUl"",""inputRow"":""4"",""sample"":""5"",""role"":""transfer"",""quantity"":{""value"":10,""unit"":""µL"",""dimension"":""volume""}},{""id"":""serial-dilution:row:4:diluentUl"",""component"":""稀释液 (µL) / Diluent (µL)"",""source"":""stock:diluentUl"",""destination"":""serial-dilution:5"",""repetitions"":1,""planVersion"":""liquid-operations-v2"",""basis"":""theoretical"",""componentId"":""diluentUl"",""inputRow"":""4"",""sample"":""5"",""role"":""add"",""quantity"":{""value"":90,""unit"":""µL"",""dimension"":""volume""}},{""id"":""serial-dilution:row:5:takeUl"",""component"":""取液量 (µL) / Take (µL)"",""source"":""Tube 5"",""destination"":""serial-dilution:6"",""repetitions"":1,""planVersion"":""liquid-operations-v2"",""basis"":""theoretical"",""componentId"":""takeUl"",""inputRow"":""5"",""sample"":""6"",""role"":""transfer"",""quantity"":{""value"":10,""unit"":""µL"",""dimension"":""volume""}},{""id"":""serial-dilution:row:5:diluentUl"",""component"":""稀释液 (µL) / Diluent (µL)"",""source"":""stock:diluentUl"",""destination"":""serial-dilution:6"",""repetitions"":1,""planVersion"":""liquid-operations-v2"",""basis"":""theoretical"",""componentId"":""diluentUl"",""inputRow"":""5"",""sample"":""6"",""role"":""add"",""quantity"":{""value"":90,""unit"":""µL"",""dimension"":""volume""}}]","liquid-operations-v2","{""status"":""not-set""}","{}","serial-dilution","default","serial-dilution-v3","valid","","第一管为已备起始液 / First tube is prepared starting solution
对照单独设置；浓度µM，体积µL / Controls separate; concentrations µM, volumes µL","{""gradientMode"":""geometric"",""startingConcentration"":100,""dilutionFactor"":10,""levels"":6,""totalVolumePerLevel"":100,""volumeMode"":""mixed"",""requiredVolumeUl"":"""",""endingConcentration"":"""",""customTargets"":"""",""firstSource"":""prepared"",""sourceConcentration"":""""}","[{""key"":""levels"",""label"":""Points including start"",""labelZh"":""浓度点数（含起始点）"",""value"":6},{""key"":""transferVolume"",""label"":""First transfer"",""labelZh"":""首次转移"",""value"":10,""unit"":""µL""}]","{}","[]"
"2","10","Tube 1","10","90","100","10","90","未设置 / Unspecified","未评估 / Not assessed","[{""id"":""serial-dilution:row:0:diluentUl"",""component"":""稀释液 (µL) / Diluent (µL)"",""source"":""stock:diluentUl"",""destination"":""serial-dilution:1"",""repetitions"":1,""planVersion"":""liquid-operations-v2"",""basis"":""theoretical"",""componentId"":""diluentUl"",""inputRow"":""0"",""sample"":""1"",""role"":""add"",""quantity"":{""value"":0,""unit"":""µL"",""dimension"":""volume""}},{""id"":""serial-dilution:row:1:takeUl"",""component"":""取液量 (µL) / Take (µL)"",""source"":""Tube 1"",""destination"":""serial-dilution:2"",""repetitions"":1,""planVersion"":""liquid-operations-v2"",""basis"":""theoretical"",""componentId"":""takeUl"",""inputRow"":""1"",""sample"":""2"",""role"":""transfer"",""quantity"":{""value"":10,""unit"":""µL"",""dimension"":""volume""}},{""id"":""serial-dilution:row:1:diluentUl"",""component"":""稀释液 (µL) / Diluent (µL)"",""source"":""stock:diluentUl"",""destination"":""serial-dilution:2"",""repetitions"":1,""planVersion"":""liquid-operations-v2"",""basis"":""theoretical"",""componentId"":""diluentUl"",""inputRow"":""1"",""sample"":""2"",""role"":""add"",""quantity"":{""value"":90,""unit"":""µL"",""dimension"":""volume""}},{""id"":""serial-dilution:row:2:takeUl"",""component"":""取液量 (µL) / Take (µL)"",""source"":""Tube 2"",""destination"":""serial-dilution:3"",""repetitions"":1,""planVersion"":""liquid-operations-v2"",""basis"":""theoretical"",""componentId"":""takeUl"",""inputRow"":""2"",""sample"":""3"",""role"":""transfer"",""quantity"":{""value"":10,""unit"":""µL"",""dimension"":""volume""}},{""id"":""serial-dilution:row:2:diluentUl"",""component"":""稀释液 (µL) / Diluent (µL)"",""source"":""stock:diluentUl"",""destination"":""serial-dilution:3"",""repetitions"":1,""planVersion"":""liquid-operations-v2"",""basis"":""theoretical"",""componentId"":""diluentUl"",""inputRow"":""2"",""sample"":""3"",""role"":""add"",""quantity"":{""value"":90,""unit"":""µL"",""dimension"":""volume""}},{""id"":""serial-dilution:row:3:takeUl"",""component"":""取液量 (µL) / Take (µL)"",""source"":""Tube 3"",""destination"":""serial-dilution:4"",""repetitions"":1,""planVersion"":""liquid-operations-v2"",""basis"":""theoretical"",""componentId"":""takeUl"",""inputRow"":""3"",""sample"":""4"",""role"":""transfer"",""quantity"":{""value"":10,""unit"":""µL"",""dimension"":""volume""}},{""id"":""serial-dilution:row:3:diluentUl"",""component"":""稀释液 (µL) / Diluent (µL)"",""source"":""stock:diluentUl"",""destination"":""serial-dilution:4"",""repetitions"":1,""planVersion"":""liquid-operations-v2"",""basis"":""theoretical"",""componentId"":""diluentUl"",""inputRow"":""3"",""sample"":""4"",""role"":""add"",""quantity"":{""value"":90,""unit"":""µL"",""dimension"":""volume""}},{""id"":""serial-dilution:row:4:takeUl"",""component"":""取液量 (µL) / Take (µL)"",""source"":""Tube 4"",""destination"":""serial-dilution:5"",""repetitions"":1,""planVersion"":""liquid-operations-v2"",""basis"":""theoretical"",""componentId"":""takeUl"",""inputRow"":""4"",""sample"":""5"",""role"":""transfer"",""quantity"":{""value"":10,""unit"":""µL"",""dimension"":""volume""}},{""id"":""serial-dilution:row:4:diluentUl"",""component"":""稀释液 (µL) / Diluent (µL)"",""source"":""stock:diluentUl"",""destination"":""serial-dilution:5"",""repetitions"":1,""planVersion"":""liquid-operations-v2"",""basis"":""theoretical"",""componentId"":""diluentUl"",""inputRow"":""4"",""sample"":""5"",""role"":""add"",""quantity"":{""value"":90,""unit"":""µL"",""dimension"":""volume""}},{""id"":""serial-dilution:row:5:takeUl"",""component"":""取液量 (µL) / Take (µL)"",""source"":""Tube 5"",""destination"":""serial-dilution:6"",""repetitions"":1,""planVersion"":""liquid-operations-v2"",""basis"":""theoretical"",""componentId"":""takeUl"",""inputRow"":""5"",""sample"":""6"",""role"":""transfer"",""quantity"":{""value"":10,""unit"":""µL"",""dimension"":""volume""}},{""id"":""serial-dilution:row:5:diluentUl"",""component"":""稀释液 (µL) / Diluent (µL)"",""source"":""stock:diluentUl"",""destination"":""serial-dilution:6"",""repetitions"":1,""planVersion"":""liquid-operations-v2"",""basis"":""theoretical"",""componentId"":""diluentUl"",""inputRow"":""5"",""sample"":""6"",""role"":""add"",""quantity"":{""value"":90,""unit"":""µL"",""dimension"":""volume""}}]","liquid-operations-v2","{""status"":""not-set""}","{}","serial-dilution","default","serial-dilution-v3","valid","","第一管为已备起始液 / First tube is prepared starting solution
对照单独设置；浓度µM，体积µL / Controls separate; concentrations µM, volumes µL","{""gradientMode"":""geometric"",""startingConcentration"":100,""dilutionFactor"":10,""levels"":6,""totalVolumePerLevel"":100,""volumeMode"":""mixed"",""requiredVolumeUl"":"""",""endingConcentration"":"""",""customTargets"":"""",""firstSource"":""prepared"",""sourceConcentration"":""""}","[{""key"":""levels"",""label"":""Points including start"",""labelZh"":""浓度点数（含起始点）"",""value"":6},{""key"":""transferVolume"",""label"":""First transfer"",""labelZh"":""首次转移"",""value"":10,""unit"":""µL""}]","{}","[]"
"3","1","Tube 2","10","90","100","10","90","未设置 / Unspecified","未评估 / Not assessed","[{""id"":""serial-dilution:row:0:diluentUl"",""component"":""稀释液 (µL) / Diluent (µL)"",""source"":""stock:diluentUl"",""destination"":""serial-dilution:1"",""repetitions"":1,""planVersion"":""liquid-operations-v2"",""basis"":""theoretical"",""componentId"":""diluentUl"",""inputRow"":""0"",""sample"":""1"",""role"":""add"",""quantity"":{""value"":0,""unit"":""µL"",""dimension"":""volume""}},{""id"":""serial-dilution:row:1:takeUl"",""component"":""取液量 (µL) / Take (µL)"",""source"":""Tube 1"",""destination"":""serial-dilution:2"",""repetitions"":1,""planVersion"":""liquid-operations-v2"",""basis"":""theoretical"",""componentId"":""takeUl"",""inputRow"":""1"",""sample"":""2"",""role"":""transfer"",""quantity"":{""value"":10,""unit"":""µL"",""dimension"":""volume""}},{""id"":""serial-dilution:row:1:diluentUl"",""component"":""稀释液 (µL) / Diluent (µL)"",""source"":""stock:diluentUl"",""destination"":""serial-dilution:2"",""repetitions"":1,""planVersion"":""liquid-operations-v2"",""basis"":""theoretical"",""componentId"":""diluentUl"",""inputRow"":""1"",""sample"":""2"",""role"":""add"",""quantity"":{""value"":90,""unit"":""µL"",""dimension"":""volume""}},{""id"":""serial-dilution:row:2:takeUl"",""component"":""取液量 (µL) / Take (µL)"",""source"":""Tube 2"",""destination"":""serial-dilution:3"",""repetitions"":1,""planVersion"":""liquid-operations-v2"",""basis"":""theoretical"",""componentId"":""takeUl"",""inputRow"":""2"",""sample"":""3"",""role"":""transfer"",""quantity"":{""value"":10,""unit"":""µL"",""dimension"":""volume""}},{""id"":""serial-dilution:row:2:diluentUl"",""component"":""稀释液 (µL) / Diluent (µL)"",""source"":""stock:diluentUl"",""destination"":""serial-dilution:3"",""repetitions"":1,""planVersion"":""liquid-operations-v2"",""basis"":""theoretical"",""componentId"":""diluentUl"",""inputRow"":""2"",""sample"":""3"",""role"":""add"",""quantity"":{""value"":90,""unit"":""µL"",""dimension"":""volume""}},{""id"":""serial-dilution:row:3:takeUl"",""component"":""取液量 (µL) / Take (µL)"",""source"":""Tube 3"",""destination"":""serial-dilution:4"",""repetitions"":1,""planVersion"":""liquid-operations-v2"",""basis"":""theoretical"",""componentId"":""takeUl"",""inputRow"":""3"",""sample"":""4"",""role"":""transfer"",""quantity"":{""value"":10,""unit"":""µL"",""dimension"":""volume""}},{""id"":""serial-dilution:row:3:diluentUl"",""component"":""稀释液 (µL) / Diluent (µL)"",""source"":""stock:diluentUl"",""destination"":""serial-dilution:4"",""repetitions"":1,""planVersion"":""liquid-operations-v2"",""basis"":""theoretical"",""componentId"":""diluentUl"",""inputRow"":""3"",""sample"":""4"",""role"":""add"",""quantity"":{""value"":90,""unit"":""µL"",""dimension"":""volume""}},{""id"":""serial-dilution:row:4:takeUl"",""component"":""取液量 (µL) / Take (µL)"",""source"":""Tube 4"",""destination"":""serial-dilution:5"",""repetitions"":1,""planVersion"":""liquid-operations-v2"",""basis"":""theoretical"",""componentId"":""takeUl"",""inputRow"":""4"",""sample"":""5"",""role"":""transfer"",""quantity"":{""value"":10,""unit"":""µL"",""dimension"":""volume""}},{""id"":""serial-dilution:row:4:diluentUl"",""component"":""稀释液 (µL) / Diluent (µL)"",""source"":""stock:diluentUl"",""destination"":""serial-dilution:5"",""repetitions"":1,""planVersion"":""liquid-operations-v2"",""basis"":""theoretical"",""componentId"":""diluentUl"",""inputRow"":""4"",""sample"":""5"",""role"":""add"",""quantity"":{""value"":90,""unit"":""µL"",""dimension"":""volume""}},{""id"":""serial-dilution:row:5:takeUl"",""component"":""取液量 (µL) / Take (µL)"",""source"":""Tube 5"",""destination"":""serial-dilution:6"",""repetitions"":1,""planVersion"":""liquid-operations-v2"",""basis"":""theoretical"",""componentId"":""takeUl"",""inputRow"":""5"",""sample"":""6"",""role"":""transfer"",""quantity"":{""value"":10,""unit"":""µL"",""dimension"":""volume""}},{""id"":""serial-dilution:row:5:diluentUl"",""component"":""稀释液 (µL) / Diluent (µL)"",""source"":""stock:diluentUl"",""destination"":""serial-dilution:6"",""repetitions"":1,""planVersion"":""liquid-operations-v2"",""basis"":""theoretical"",""componentId"":""diluentUl"",""inputRow"":""5"",""sample"":""6"",""role"":""add"",""quantity"":{""value"":90,""unit"":""µL"",""dimension"":""volume""}}]","liquid-operations-v2","{""status"":""not-set""}","{}","serial-dilution","default","serial-dilution-v3","valid","","第一管为已备起始液 / First tube is prepared starting solution
对照单独设置；浓度µM，体积µL / Controls separate; concentrations µM, volumes µL","{""gradientMode"":""geometric"",""startingConcentration"":100,""dilutionFactor"":10,""levels"":6,""totalVolumePerLevel"":100,""volumeMode"":""mixed"",""requiredVolumeUl"":"""",""endingConcentration"":"""",""customTargets"":"""",""firstSource"":""prepared"",""sourceConcentration"":""""}","[{""key"":""levels"",""label"":""Points including start"",""labelZh"":""浓度点数（含起始点）"",""value"":6},{""key"":""transferVolume"",""label"":""First transfer"",""labelZh"":""首次转移"",""value"":10,""unit"":""µL""}]","{}","[]"
"4","0.1","Tube 3","10","90","100","10","90","未设置 / Unspecified","未评估 / Not assessed","[{""id"":""serial-dilution:row:0:diluentUl"",""component"":""稀释液 (µL) / Diluent (µL)"",""source"":""stock:diluentUl"",""destination"":""serial-dilution:1"",""repetitions"":1,""planVersion"":""liquid-operations-v2"",""basis"":""theoretical"",""componentId"":""diluentUl"",""inputRow"":""0"",""sample"":""1"",""role"":""add"",""quantity"":{""value"":0,""unit"":""µL"",""dimension"":""volume""}},{""id"":""serial-dilution:row:1:takeUl"",""component"":""取液量 (µL) / Take (µL)"",""source"":""Tube 1"",""destination"":""serial-dilution:2"",""repetitions"":1,""planVersion"":""liquid-operations-v2"",""basis"":""theoretical"",""componentId"":""takeUl"",""inputRow"":""1"",""sample"":""2"",""role"":""transfer"",""quantity"":{""value"":10,""unit"":""µL"",""dimension"":""volume""}},{""id"":""serial-dilution:row:1:diluentUl"",""component"":""稀释液 (µL) / Diluent (µL)"",""source"":""stock:diluentUl"",""destination"":""serial-dilution:2"",""repetitions"":1,""planVersion"":""liquid-operations-v2"",""basis"":""theoretical"",""componentId"":""diluentUl"",""inputRow"":""1"",""sample"":""2"",""role"":""add"",""quantity"":{""value"":90,""unit"":""µL"",""dimension"":""volume""}},{""id"":""serial-dilution:row:2:takeUl"",""component"":""取液量 (µL) / Take (µL)"",""source"":""Tube 2"",""destination"":""serial-dilution:3"",""repetitions"":1,""planVersion"":""liquid-operations-v2"",""basis"":""theoretical"",""componentId"":""takeUl"",""inputRow"":""2"",""sample"":""3"",""role"":""transfer"",""quantity"":{""value"":10,""unit"":""µL"",""dimension"":""volume""}},{""id"":""serial-dilution:row:2:diluentUl"",""component"":""稀释液 (µL) / Diluent (µL)"",""source"":""stock:diluentUl"",""destination"":""serial-dilution:3"",""repetitions"":1,""planVersion"":""liquid-operations-v2"",""basis"":""theoretical"",""componentId"":""diluentUl"",""inputRow"":""2"",""sample"":""3"",""role"":""add"",""quantity"":{""value"":90,""unit"":""µL"",""dimension"":""volume""}},{""id"":""serial-dilution:row:3:takeUl"",""component"":""取液量 (µL) / Take (µL)"",""source"":""Tube 3"",""destination"":""serial-dilution:4"",""repetitions"":1,""planVersion"":""liquid-operations-v2"",""basis"":""theoretical"",""componentId"":""takeUl"",""inputRow"":""3"",""sample"":""4"",""role"":""transfer"",""quantity"":{""value"":10,""unit"":""µL"",""dimension"":""volume""}},{""id"":""serial-dilution:row:3:diluentUl"",""component"":""稀释液 (µL) / Diluent (µL)"",""source"":""stock:diluentUl"",""destination"":""serial-dilution:4"",""repetitions"":1,""planVersion"":""liquid-operations-v2"",""basis"":""theoretical"",""componentId"":""diluentUl"",""inputRow"":""3"",""sample"":""4"",""role"":""add"",""quantity"":{""value"":90,""unit"":""µL"",""dimension"":""volume""}},{""id"":""serial-dilution:row:4:takeUl"",""component"":""取液量 (µL) / Take (µL)"",""source"":""Tube 4"",""destination"":""serial-dilution:5"",""repetitions"":1,""planVersion"":""liquid-operations-v2"",""basis"":""theoretical"",""componentId"":""takeUl"",""inputRow"":""4"",""sample"":""5"",""role"":""transfer"",""quantity"":{""value"":10,""unit"":""µL"",""dimension"":""volume""}},{""id"":""serial-dilution:row:4:diluentUl"",""component"":""稀释液 (µL) / Diluent (µL)"",""source"":""stock:diluentUl"",""destination"":""serial-dilution:5"",""repetitions"":1,""planVersion"":""liquid-operations-v2"",""basis"":""theoretical"",""componentId"":""diluentUl"",""inputRow"":""4"",""sample"":""5"",""role"":""add"",""quantity"":{""value"":90,""unit"":""µL"",""dimension"":""volume""}},{""id"":""serial-dilution:row:5:takeUl"",""component"":""取液量 (µL) / Take (µL)"",""source"":""Tube 5"",""destination"":""serial-dilution:6"",""repetitions"":1,""planVersion"":""liquid-operations-v2"",""basis"":""theoretical"",""componentId"":""takeUl"",""inputRow"":""5"",""sample"":""6"",""role"":""transfer"",""quantity"":{""value"":10,""unit"":""µL"",""dimension"":""volume""}},{""id"":""serial-dilution:row:5:diluentUl"",""component"":""稀释液 (µL) / Diluent (µL)"",""source"":""stock:diluentUl"",""destination"":""serial-dilution:6"",""repetitions"":1,""planVersion"":""liquid-operations-v2"",""basis"":""theoretical"",""componentId"":""diluentUl"",""inputRow"":""5"",""sample"":""6"",""role"":""add"",""quantity"":{""value"":90,""unit"":""µL"",""dimension"":""volume""}}]","liquid-operations-v2","{""status"":""not-set""}","{}","serial-dilution","default","serial-dilution-v3","valid","","第一管为已备起始液 / First tube is prepared starting solution
对照单独设置；浓度µM，体积µL / Controls separate; concentrations µM, volumes µL","{""gradientMode"":""geometric"",""startingConcentration"":100,""dilutionFactor"":10,""levels"":6,""totalVolumePerLevel"":100,""volumeMode"":""mixed"",""requiredVolumeUl"":"""",""endingConcentration"":"""",""customTargets"":"""",""firstSource"":""prepared"",""sourceConcentration"":""""}","[{""key"":""levels"",""label"":""Points including start"",""labelZh"":""浓度点数（含起始点）"",""value"":6},{""key"":""transferVolume"",""label"":""First transfer"",""labelZh"":""首次转移"",""value"":10,""unit"":""µL""}]","{}","[]"
"5","0.01","Tube 4","10","90","100","10","90","未设置 / Unspecified","未评估 / Not assessed","[{""id"":""serial-dilution:row:0:diluentUl"",""component"":""稀释液 (µL) / Diluent (µL)"",""source"":""stock:diluentUl"",""destination"":""serial-dilution:1"",""repetitions"":1,""planVersion"":""liquid-operations-v2"",""basis"":""theoretical"",""componentId"":""diluentUl"",""inputRow"":""0"",""sample"":""1"",""role"":""add"",""quantity"":{""value"":0,""unit"":""µL"",""dimension"":""volume""}},{""id"":""serial-dilution:row:1:takeUl"",""component"":""取液量 (µL) / Take (µL)"",""source"":""Tube 1"",""destination"":""serial-dilution:2"",""repetitions"":1,""planVersion"":""liquid-operations-v2"",""basis"":""theoretical"",""componentId"":""takeUl"",""inputRow"":""1"",""sample"":""2"",""role"":""transfer"",""quantity"":{""value"":10,""unit"":""µL"",""dimension"":""volume""}},{""id"":""serial-dilution:row:1:diluentUl"",""component"":""稀释液 (µL) / Diluent (µL)"",""source"":""stock:diluentUl"",""destination"":""serial-dilution:2"",""repetitions"":1,""planVersion"":""liquid-operations-v2"",""basis"":""theoretical"",""componentId"":""diluentUl"",""inputRow"":""1"",""sample"":""2"",""role"":""add"",""quantity"":{""value"":90,""unit"":""µL"",""dimension"":""volume""}},{""id"":""serial-dilution:row:2:takeUl"",""component"":""取液量 (µL) / Take (µL)"",""source"":""Tube 2"",""destination"":""serial-dilution:3"",""repetitions"":1,""planVersion"":""liquid-operations-v2"",""basis"":""theoretical"",""componentId"":""takeUl"",""inputRow"":""2"",""sample"":""3"",""role"":""transfer"",""quantity"":{""value"":10,""unit"":""µL"",""dimension"":""volume""}},{""id"":""serial-dilution:row:2:diluentUl"",""component"":""稀释液 (µL) / Diluent (µL)"",""source"":""stock:diluentUl"",""destination"":""serial-dilution:3"",""repetitions"":1,""planVersion"":""liquid-operations-v2"",""basis"":""theoretical"",""componentId"":""diluentUl"",""inputRow"":""2"",""sample"":""3"",""role"":""add"",""quantity"":{""value"":90,""unit"":""µL"",""dimension"":""volume""}},{""id"":""serial-dilution:row:3:takeUl"",""component"":""取液量 (µL) / Take (µL)"",""source"":""Tube 3"",""destination"":""serial-dilution:4"",""repetitions"":1,""planVersion"":""liquid-operations-v2"",""basis"":""theoretical"",""componentId"":""takeUl"",""inputRow"":""3"",""sample"":""4"",""role"":""transfer"",""quantity"":{""value"":10,""unit"":""µL"",""dimension"":""volume""}},{""id"":""serial-dilution:row:3:diluentUl"",""component"":""稀释液 (µL) / Diluent (µL)"",""source"":""stock:diluentUl"",""destination"":""serial-dilution:4"",""repetitions"":1,""planVersion"":""liquid-operations-v2"",""basis"":""theoretical"",""componentId"":""diluentUl"",""inputRow"":""3"",""sample"":""4"",""role"":""add"",""quantity"":{""value"":90,""unit"":""µL"",""dimension"":""volume""}},{""id"":""serial-dilution:row:4:takeUl"",""component"":""取液量 (µL) / Take (µL)"",""source"":""Tube 4"",""destination"":""serial-dilution:5"",""repetitions"":1,""planVersion"":""liquid-operations-v2"",""basis"":""theoretical"",""componentId"":""takeUl"",""inputRow"":""4"",""sample"":""5"",""role"":""transfer"",""quantity"":{""value"":10,""unit"":""µL"",""dimension"":""volume""}},{""id"":""serial-dilution:row:4:diluentUl"",""component"":""稀释液 (µL) / Diluent (µL)"",""source"":""stock:diluentUl"",""destination"":""serial-dilution:5"",""repetitions"":1,""planVersion"":""liquid-operations-v2"",""basis"":""theoretical"",""componentId"":""diluentUl"",""inputRow"":""4"",""sample"":""5"",""role"":""add"",""quantity"":{""value"":90,""unit"":""µL"",""dimension"":""volume""}},{""id"":""serial-dilution:row:5:takeUl"",""component"":""取液量 (µL) / Take (µL)"",""source"":""Tube 5"",""destination"":""serial-dilution:6"",""repetitions"":1,""planVersion"":""liquid-operations-v2"",""basis"":""theoretical"",""componentId"":""takeUl"",""inputRow"":""5"",""sample"":""6"",""role"":""transfer"",""quantity"":{""value"":10,""unit"":""µL"",""dimension"":""volume""}},{""id"":""serial-dilution:row:5:diluentUl"",""component"":""稀释液 (µL) / Diluent (µL)"",""source"":""stock:diluentUl"",""destination"":""serial-dilution:6"",""repetitions"":1,""planVersion"":""liquid-operations-v2"",""basis"":""theoretical"",""componentId"":""diluentUl"",""inputRow"":""5"",""sample"":""6"",""role"":""add"",""quantity"":{""value"":90,""unit"":""µL"",""dimension"":""volume""}}]","liquid-operations-v2","{""status"":""not-set""}","{}","serial-dilution","default","serial-dilution-v3","valid","","第一管为已备起始液 / First tube is prepared starting solution
对照单独设置；浓度µM，体积µL / Controls separate; concentrations µM, volumes µL","{""gradientMode"":""geometric"",""startingConcentration"":100,""dilutionFactor"":10,""levels"":6,""totalVolumePerLevel"":100,""volumeMode"":""mixed"",""requiredVolumeUl"":"""",""endingConcentration"":"""",""customTargets"":"""",""firstSource"":""prepared"",""sourceConcentration"":""""}","[{""key"":""levels"",""label"":""Points including start"",""labelZh"":""浓度点数（含起始点）"",""value"":6},{""key"":""transferVolume"",""label"":""First transfer"",""labelZh"":""首次转移"",""value"":10,""unit"":""µL""}]","{}","[]"
"6","0.001","Tube 5","10","90","100","0","100","未设置 / Unspecified","未评估 / Not assessed","[{""id"":""serial-dilution:row:0:diluentUl"",""component"":""稀释液 (µL) / Diluent (µL)"",""source"":""stock:diluentUl"",""destination"":""serial-dilution:1"",""repetitions"":1,""planVersion"":""liquid-operations-v2"",""basis"":""theoretical"",""componentId"":""diluentUl"",""inputRow"":""0"",""sample"":""1"",""role"":""add"",""quantity"":{""value"":0,""unit"":""µL"",""dimension"":""volume""}},{""id"":""serial-dilution:row:1:takeUl"",""component"":""取液量 (µL) / Take (µL)"",""source"":""Tube 1"",""destination"":""serial-dilution:2"",""repetitions"":1,""planVersion"":""liquid-operations-v2"",""basis"":""theoretical"",""componentId"":""takeUl"",""inputRow"":""1"",""sample"":""2"",""role"":""transfer"",""quantity"":{""value"":10,""unit"":""µL"",""dimension"":""volume""}},{""id"":""serial-dilution:row:1:diluentUl"",""component"":""稀释液 (µL) / Diluent (µL)"",""source"":""stock:diluentUl"",""destination"":""serial-dilution:2"",""repetitions"":1,""planVersion"":""liquid-operations-v2"",""basis"":""theoretical"",""componentId"":""diluentUl"",""inputRow"":""1"",""sample"":""2"",""role"":""add"",""quantity"":{""value"":90,""unit"":""µL"",""dimension"":""volume""}},{""id"":""serial-dilution:row:2:takeUl"",""component"":""取液量 (µL) / Take (µL)"",""source"":""Tube 2"",""destination"":""serial-dilution:3"",""repetitions"":1,""planVersion"":""liquid-operations-v2"",""basis"":""theoretical"",""componentId"":""takeUl"",""inputRow"":""2"",""sample"":""3"",""role"":""transfer"",""quantity"":{""value"":10,""unit"":""µL"",""dimension"":""volume""}},{""id"":""serial-dilution:row:2:diluentUl"",""component"":""稀释液 (µL) / Diluent (µL)"",""source"":""stock:diluentUl"",""destination"":""serial-dilution:3"",""repetitions"":1,""planVersion"":""liquid-operations-v2"",""basis"":""theoretical"",""componentId"":""diluentUl"",""inputRow"":""2"",""sample"":""3"",""role"":""add"",""quantity"":{""value"":90,""unit"":""µL"",""dimension"":""volume""}},{""id"":""serial-dilution:row:3:takeUl"",""component"":""取液量 (µL) / Take (µL)"",""source"":""Tube 3"",""destination"":""serial-dilution:4"",""repetitions"":1,""planVersion"":""liquid-operations-v2"",""basis"":""theoretical"",""componentId"":""takeUl"",""inputRow"":""3"",""sample"":""4"",""role"":""transfer"",""quantity"":{""value"":10,""unit"":""µL"",""dimension"":""volume""}},{""id"":""serial-dilution:row:3:diluentUl"",""component"":""稀释液 (µL) / Diluent (µL)"",""source"":""stock:diluentUl"",""destination"":""serial-dilution:4"",""repetitions"":1,""planVersion"":""liquid-operations-v2"",""basis"":""theoretical"",""componentId"":""diluentUl"",""inputRow"":""3"",""sample"":""4"",""role"":""add"",""quantity"":{""value"":90,""unit"":""µL"",""dimension"":""volume""}},{""id"":""serial-dilution:row:4:takeUl"",""component"":""取液量 (µL) / Take (µL)"",""source"":""Tube 4"",""destination"":""serial-dilution:5"",""repetitions"":1,""planVersion"":""liquid-operations-v2"",""basis"":""theoretical"",""componentId"":""takeUl"",""inputRow"":""4"",""sample"":""5"",""role"":""transfer"",""quantity"":{""value"":10,""unit"":""µL"",""dimension"":""volume""}},{""id"":""serial-dilution:row:4:diluentUl"",""component"":""稀释液 (µL) / Diluent (µL)"",""source"":""stock:diluentUl"",""destination"":""serial-dilution:5"",""repetitions"":1,""planVersion"":""liquid-operations-v2"",""basis"":""theoretical"",""componentId"":""diluentUl"",""inputRow"":""4"",""sample"":""5"",""role"":""add"",""quantity"":{""value"":90,""unit"":""µL"",""dimension"":""volume""}},{""id"":""serial-dilution:row:5:takeUl"",""component"":""取液量 (µL) / Take (µL)"",""source"":""Tube 5"",""destination"":""serial-dilution:6"",""repetitions"":1,""planVersion"":""liquid-operations-v2"",""basis"":""theoretical"",""componentId"":""takeUl"",""inputRow"":""5"",""sample"":""6"",""role"":""transfer"",""quantity"":{""value"":10,""unit"":""µL"",""dimension"":""volume""}},{""id"":""serial-dilution:row:5:diluentUl"",""component"":""稀释液 (µL) / Diluent (µL)"",""source"":""stock:diluentUl"",""destination"":""serial-dilution:6"",""repetitions"":1,""planVersion"":""liquid-operations-v2"",""basis"":""theoretical"",""componentId"":""diluentUl"",""inputRow"":""5"",""sample"":""6"",""role"":""add"",""quantity"":{""value"":90,""unit"":""µL"",""dimension"":""volume""}}]","liquid-operations-v2","{""status"":""not-set""}","{}","serial-dilution","default","serial-dilution-v3","valid","","第一管为已备起始液 / First tube is prepared starting solution
对照单独设置；浓度µM，体积µL / Controls separate; concentrations µM, volumes µL","{""gradientMode"":""geometric"",""startingConcentration"":100,""dilutionFactor"":10,""levels"":6,""totalVolumePerLevel"":100,""volumeMode"":""mixed"",""requiredVolumeUl"":"""",""endingConcentration"":"""",""customTargets"":"""",""firstSource"":""prepared"",""sourceConcentration"":""""}","[{""key"":""levels"",""label"":""Points including start"",""labelZh"":""浓度点数（含起始点）"",""value"":6},{""key"":""transferVolume"",""label"":""First transfer"",""labelZh"":""首次转移"",""value"":10,""unit"":""µL""}]","{}","[]"