"Mix group","Tube","Component","Per well (µL)","Prepare batch (µL)","DNA per well (µg)","operations","operationVersion","pipettingCheck","context","task","mode","method","resultStatus","warnings","assumptions","inputs","outputs","displayUnits","structuredWarnings"
"DNA group","A","Plasmid","2","13.200000000000001","2","[{""id"":""transfection:0:0"",""component"":""Plasmid"",""source"":""Plasmid"",""destination"":""DNA group:A"",""repetitions"":1,""planVersion"":""liquid-operations-v2"",""basis"":""theoretical"",""group"":""0"",""groupName"":""DNA group"",""role"":""add"",""quantity"":{""value"":13.200000000000001,""unit"":""µL"",""dimension"":""volume""}},{""id"":""transfection:0:1"",""component"":""Opti-MEM"",""source"":""Opti-MEM"",""destination"":""DNA group:A"",""repetitions"":1,""planVersion"":""liquid-operations-v2"",""basis"":""theoretical"",""group"":""0"",""groupName"":""DNA group"",""role"":""add"",""quantity"":{""value"":399.3,""unit"":""µL"",""dimension"":""volume""}},{""id"":""transfection:0:2"",""component"":""Custom lipid"",""source"":""Custom lipid"",""destination"":""DNA group:B"",""repetitions"":1,""planVersion"":""liquid-operations-v2"",""basis"":""theoretical"",""group"":""0"",""groupName"":""DNA group"",""role"":""add"",""quantity"":{""value"":39.6,""unit"":""µL"",""dimension"":""volume""}},{""id"":""transfection:0:3"",""component"":""Opti-MEM"",""source"":""Opti-MEM"",""destination"":""DNA group:B"",""repetitions"":1,""planVersion"":""liquid-operations-v2"",""basis"":""theoretical"",""group"":""0"",""groupName"":""DNA group"",""role"":""add"",""quantity"":{""value"":372.90000000000003,""unit"":""µL"",""dimension"":""volume""}},{""id"":""transfection:0:combine"",""component"":""合并A至B / Combine A into B"",""source"":""DNA group:A"",""destination"":""DNA group:B"",""repetitions"":1,""planVersion"":""liquid-operations-v2"",""basis"":""theoretical"",""group"":""0"",""groupName"":""DNA group"",""role"":""transfer"",""quantity"":{""value"":412.50000000000006,""unit"":""µL"",""dimension"":""volume""}},{""id"":""transfection:0:dispense"",""component"":""每孔混合液 / Mixture per well"",""source"":""DNA group:mixture"",""destination"":""DNA group:wells"",""repetitions"":6,""planVersion"":""liquid-operations-v2"",""basis"":""theoretical"",""group"":""0"",""groupName"":""DNA group"",""role"":""dispense"",""quantity"":{""value"":125.00000000000001,""unit"":""µL"",""dimension"":""volume""}},{""id"":""transfection:1:4"",""component"":""Control plasmid"",""source"":""Control plasmid"",""destination"":""Control:A"",""repetitions"":1,""planVersion"":""liquid-operations-v2"",""basis"":""theoretical"",""group"":""1"",""groupName"":""Control"",""role"":""add"",""quantity"":{""value"":1.6500000000000001,""unit"":""µL"",""dimension"":""volume""}},{""id"":""transfection:1:5"",""component"":""Opti-MEM"",""source"":""Opti-MEM"",""destination"":""Control:A"",""repetitions"":1,""planVersion"":""liquid-operations-v2"",""basis"":""theoretical"",""group"":""1"",""groupName"":""Control"",""role"":""add"",""quantity"":{""value"":163.35000000000002,""unit"":""µL"",""dimension"":""volume""}},{""id"":""transfection:1:6"",""component"":""Custom lipid"",""source"":""Custom lipid"",""destination"":""Control:B"",""repetitions"":1,""planVersion"":""liquid-operations-v2"",""basis"":""theoretical"",""group"":""1"",""groupName"":""Control"",""role"":""add"",""quantity"":{""value"":6.6000000000000005,""unit"":""µL"",""dimension"":""volume""}},{""id"":""transfection:1:7"",""component"":""Opti-MEM"",""source"":""Opti-MEM"",""destination"":""Control:B"",""repetitions"":1,""planVersion"":""liquid-operations-v2"",""basis"":""theoretical"",""group"":""1"",""groupName"":""Control"",""role"":""add"",""quantity"":{""value"":158.4,""unit"":""µL"",""dimension"":""volume""}},{""id"":""transfection:1:combine"",""component"":""合并A至B / Combine A into B"",""source"":""Control:A"",""destination"":""Control:B"",""repetitions"":1,""planVersion"":""liquid-operations-v2"",""basis"":""theoretical"",""group"":""1"",""groupName"":""Control"",""role"":""transfer"",""quantity"":{""value"":165,""unit"":""µL"",""dimension"":""volume""}},{""id"":""transfection:1:dispense"",""component"":""每孔混合液 / Mixture per well"",""source"":""Control:mixture"",""destination"":""Control:wells"",""repetitions"":3,""planVersion"":""liquid-operations-v2"",""basis"":""theoretical"",""group"":""1"",""groupName"":""Control"",""role"":""dispense"",""quantity"":{""value"":100,""unit"":""µL"",""dimension"":""volume""}}]","liquid-operations-v2","{""status"":""not-set""}","{}","transfection","default","transfection-v3","valid","方案用量需按所用试剂与细胞条件验证；不同实验组分别配制。 / Validate doses for reagent and cells; prepare each experimental group separately.","DNA group: A管核酸稀释后与B管稀释试剂混合，按已验证方案孵育，再加入细胞。 / Dilute nucleic acid in A and reagent in B; combine and follow the validated protocol before adding to cells.
Control: Prepare Control separately; combine A into B.
体积按可加和计算；siRNA nM × 最终培养体积µL ÷1000 = pmol；µM = pmol/µL。余量仅放大备料，不增加每孔剂量。 / Additive volumes; overage increases supplies only.","{""complexMode"":""combined"",""wells"":"""",""replicates"":"""",""dnaUgPerWell"":"""",""dnaConcentrationUgUl"":"""",""reagentUlPerUg"":"""",""complexVolumeUlPerWell"":"""",""overagePercent"":"""",""tubeAVolumeUl"":"""",""transfectionPlan"":{""version"":3,""material"":""dna"",""mixing"":""two-tube"",""protocol"":""custom"",""groups"":[{""name"":""DNA group"",""wells"":""6"",""overage"":""10"",""finalVolume"":""1000"",""dnaMode"":""amount"",""totalDna"":"""",""rnaMode"":""each-nm"",""totalRna"":"""",""rows"":[{""name"":""Plasmid"",""kind"":""dna"",""stock"":""1"",""stockUnit"":""µg/µL"",""dose"":""2"",""sizeBasis"":""bp"",""size"":""""}],""reagent"":{""name"":""Custom lipid"",""basis"":""dna"",""amount"":""3"",""basisName"":"""",""basisUnit"":"""",""basisAmount"":""""},""auxiliaries"":[],""a"":{""mode"":""final"",""value"":""62.5""},""b"":{""mode"":""final"",""value"":""62.5""},""single"":{""mode"":""final"",""value"":""""},""diluent"":""Opti-MEM"",""order"":""A管核酸稀释后与B管稀释试剂混合，按已验证方案孵育，再加入细胞。 / Dilute nucleic acid in A and reagent in B; combine and follow the validated protocol before adding to cells.""},{""name"":""Control"",""wells"":""3"",""overage"":""10"",""finalVolume"":""1000"",""dnaMode"":""amount"",""totalDna"":"""",""rnaMode"":""each-nm"",""totalRna"":"""",""rows"":[{""name"":""Control plasmid"",""kind"":""dna"",""stock"":""2"",""stockUnit"":""µg/µL"",""dose"":""1"",""sizeBasis"":""bp"",""size"":""""}],""reagent"":{""name"":""Custom lipid"",""basis"":""direct"",""amount"":""2"",""basisName"":"""",""basisUnit"":"""",""basisAmount"":""""},""auxiliaries"":[],""a"":{""mode"":""final"",""value"":""50""},""b"":{""mode"":""final"",""value"":""50""},""single"":{""mode"":""final"",""value"":""""},""diluent"":""Opti-MEM"",""order"":""Prepare Control separately; combine A into B.""}]},""__displayUnits"":{}}","[{""key"":""group0_dna"",""label"":""DNA group · DNA per well"",""labelZh"":""DNA group · 每孔总DNA"",""value"":2,""unit"":""µg""},{""key"":""group0_a"",""label"":""DNA group · Tube A total per well"",""labelZh"":""DNA group · 每孔A管总体积"",""value"":62.5,""unit"":""µL""},{""key"":""group0_b"",""label"":""DNA group · Tube B total per well"",""labelZh"":""DNA group · 每孔B管总体积"",""value"":62.5,""unit"":""µL""},{""key"":""group0_mixed"",""label"":""DNA group · Mixture added per well"",""labelZh"":""DNA group · 每孔混合液加入量"",""value"":125,""unit"":""µL""},{""key"":""group0_final"",""label"":""DNA group · Final culture volume per well"",""labelZh"":""DNA group · 每孔最终培养体积"",""value"":1000,""unit"":""µL""},{""key"":""group0_medium"",""label"":""DNA group · Cell medium before addition"",""labelZh"":""DNA group · 加入混合液前培养基/细胞悬液"",""value"":875,""unit"":""µL""},{""key"":""group0_batch"",""label"":""DNA group · Batch supply incl. overage"",""labelZh"":""DNA group · 含余量整批备料体积"",""value"":825.0000000000001,""unit"":""µL""},{""key"":""group1_dna"",""label"":""Control · DNA per well"",""labelZh"":""Control · 每孔总DNA"",""value"":1,""unit"":""µg""},{""key"":""group1_a"",""label"":""Control · Tube A total per well"",""labelZh"":""Control · 每孔A管总体积"",""value"":50,""unit"":""µL""},{""key"":""group1_b"",""label"":""Control · Tube B total per well"",""labelZh"":""Control · 每孔B管总体积"",""value"":50,""unit"":""µL""},{""key"":""group1_mixed"",""label"":""Control · Mixture added per well"",""labelZh"":""Control · 每孔混合液加入量"",""value"":100,""unit"":""µL""},{""key"":""group1_final"",""label"":""Control · Final culture volume per well"",""labelZh"":""Control · 每孔最终培养体积"",""value"":1000,""unit"":""µL""},{""key"":""group1_medium"",""label"":""Control · Cell medium before addition"",""labelZh"":""Control · 加入混合液前培养基/细胞悬液"",""value"":900,""unit"":""µL""},{""key"":""group1_batch"",""label"":""Control · Batch supply incl. overage"",""labelZh"":""Control · 含余量整批备料体积"",""value"":330,""unit"":""µL""},{""key"":""dnaUg"",""label"":""Batch DNA incl. overage"",""labelZh"":""含余量整批DNA"",""value"":16.5,""unit"":""µg""}]","{}","[]"
"DNA group","A","Opti-MEM","60.5","399.3","","[{""id"":""transfection:0:0"",""component"":""Plasmid"",""source"":""Plasmid"",""destination"":""DNA group:A"",""repetitions"":1,""planVersion"":""liquid-operations-v2"",""basis"":""theoretical"",""group"":""0"",""groupName"":""DNA group"",""role"":""add"",""quantity"":{""value"":13.200000000000001,""unit"":""µL"",""dimension"":""volume""}},{""id"":""transfection:0:1"",""component"":""Opti-MEM"",""source"":""Opti-MEM"",""destination"":""DNA group:A"",""repetitions"":1,""planVersion"":""liquid-operations-v2"",""basis"":""theoretical"",""group"":""0"",""groupName"":""DNA group"",""role"":""add"",""quantity"":{""value"":399.3,""unit"":""µL"",""dimension"":""volume""}},{""id"":""transfection:0:2"",""component"":""Custom lipid"",""source"":""Custom lipid"",""destination"":""DNA group:B"",""repetitions"":1,""planVersion"":""liquid-operations-v2"",""basis"":""theoretical"",""group"":""0"",""groupName"":""DNA group"",""role"":""add"",""quantity"":{""value"":39.6,""unit"":""µL"",""dimension"":""volume""}},{""id"":""transfection:0:3"",""component"":""Opti-MEM"",""source"":""Opti-MEM"",""destination"":""DNA group:B"",""repetitions"":1,""planVersion"":""liquid-operations-v2"",""basis"":""theoretical"",""group"":""0"",""groupName"":""DNA group"",""role"":""add"",""quantity"":{""value"":372.90000000000003,""unit"":""µL"",""dimension"":""volume""}},{""id"":""transfection:0:combine"",""component"":""合并A至B / Combine A into B"",""source"":""DNA group:A"",""destination"":""DNA group:B"",""repetitions"":1,""planVersion"":""liquid-operations-v2"",""basis"":""theoretical"",""group"":""0"",""groupName"":""DNA group"",""role"":""transfer"",""quantity"":{""value"":412.50000000000006,""unit"":""µL"",""dimension"":""volume""}},{""id"":""transfection:0:dispense"",""component"":""每孔混合液 / Mixture per well"",""source"":""DNA group:mixture"",""destination"":""DNA group:wells"",""repetitions"":6,""planVersion"":""liquid-operations-v2"",""basis"":""theoretical"",""group"":""0"",""groupName"":""DNA group"",""role"":""dispense"",""quantity"":{""value"":125.00000000000001,""unit"":""µL"",""dimension"":""volume""}},{""id"":""transfection:1:4"",""component"":""Control plasmid"",""source"":""Control plasmid"",""destination"":""Control:A"",""repetitions"":1,""planVersion"":""liquid-operations-v2"",""basis"":""theoretical"",""group"":""1"",""groupName"":""Control"",""role"":""add"",""quantity"":{""value"":1.6500000000000001,""unit"":""µL"",""dimension"":""volume""}},{""id"":""transfection:1:5"",""component"":""Opti-MEM"",""source"":""Opti-MEM"",""destination"":""Control:A"",""repetitions"":1,""planVersion"":""liquid-operations-v2"",""basis"":""theoretical"",""group"":""1"",""groupName"":""Control"",""role"":""add"",""quantity"":{""value"":163.35000000000002,""unit"":""µL"",""dimension"":""volume""}},{""id"":""transfection:1:6"",""component"":""Custom lipid"",""source"":""Custom lipid"",""destination"":""Control:B"",""repetitions"":1,""planVersion"":""liquid-operations-v2"",""basis"":""theoretical"",""group"":""1"",""groupName"":""Control"",""role"":""add"",""quantity"":{""value"":6.6000000000000005,""unit"":""µL"",""dimension"":""volume""}},{""id"":""transfection:1:7"",""component"":""Opti-MEM"",""source"":""Opti-MEM"",""destination"":""Control:B"",""repetitions"":1,""planVersion"":""liquid-operations-v2"",""basis"":""theoretical"",""group"":""1"",""groupName"":""Control"",""role"":""add"",""quantity"":{""value"":158.4,""unit"":""µL"",""dimension"":""volume""}},{""id"":""transfection:1:combine"",""component"":""合并A至B / Combine A into B"",""source"":""Control:A"",""destination"":""Control:B"",""repetitions"":1,""planVersion"":""liquid-operations-v2"",""basis"":""theoretical"",""group"":""1"",""groupName"":""Control"",""role"":""transfer"",""quantity"":{""value"":165,""unit"":""µL"",""dimension"":""volume""}},{""id"":""transfection:1:dispense"",""component"":""每孔混合液 / Mixture per well"",""source"":""Control:mixture"",""destination"":""Control:wells"",""repetitions"":3,""planVersion"":""liquid-operations-v2"",""basis"":""theoretical"",""group"":""1"",""groupName"":""Control"",""role"":""dispense"",""quantity"":{""value"":100,""unit"":""µL"",""dimension"":""volume""}}]","liquid-operations-v2","{""status"":""not-set""}","{}","transfection","default","transfection-v3","valid","方案用量需按所用试剂与细胞条件验证；不同实验组分别配制。 / Validate doses for reagent and cells; prepare each experimental group separately.","DNA group: A管核酸稀释后与B管稀释试剂混合，按已验证方案孵育，再加入细胞。 / Dilute nucleic acid in A and reagent in B; combine and follow the validated protocol before adding to cells.
Control: Prepare Control separately; combine A into B.
体积按可加和计算；siRNA nM × 最终培养体积µL ÷1000 = pmol；µM = pmol/µL。余量仅放大备料，不增加每孔剂量。 / Additive volumes; overage increases supplies only.","{""complexMode"":""combined"",""wells"":"""",""replicates"":"""",""dnaUgPerWell"":"""",""dnaConcentrationUgUl"":"""",""reagentUlPerUg"":"""",""complexVolumeUlPerWell"":"""",""overagePercent"":"""",""tubeAVolumeUl"":"""",""transfectionPlan"":{""version"":3,""material"":""dna"",""mixing"":""two-tube"",""protocol"":""custom"",""groups"":[{""name"":""DNA group"",""wells"":""6"",""overage"":""10"",""finalVolume"":""1000"",""dnaMode"":""amount"",""totalDna"":"""",""rnaMode"":""each-nm"",""totalRna"":"""",""rows"":[{""name"":""Plasmid"",""kind"":""dna"",""stock"":""1"",""stockUnit"":""µg/µL"",""dose"":""2"",""sizeBasis"":""bp"",""size"":""""}],""reagent"":{""name"":""Custom lipid"",""basis"":""dna"",""amount"":""3"",""basisName"":"""",""basisUnit"":"""",""basisAmount"":""""},""auxiliaries"":[],""a"":{""mode"":""final"",""value"":""62.5""},""b"":{""mode"":""final"",""value"":""62.5""},""single"":{""mode"":""final"",""value"":""""},""diluent"":""Opti-MEM"",""order"":""A管核酸稀释后与B管稀释试剂混合，按已验证方案孵育，再加入细胞。 / Dilute nucleic acid in A and reagent in B; combine and follow the validated protocol before adding to cells.""},{""name"":""Control"",""wells"":""3"",""overage"":""10"",""finalVolume"":""1000"",""dnaMode"":""amount"",""totalDna"":"""",""rnaMode"":""each-nm"",""totalRna"":"""",""rows"":[{""name"":""Control plasmid"",""kind"":""dna"",""stock"":""2"",""stockUnit"":""µg/µL"",""dose"":""1"",""sizeBasis"":""bp"",""size"":""""}],""reagent"":{""name"":""Custom lipid"",""basis"":""direct"",""amount"":""2"",""basisName"":"""",""basisUnit"":"""",""basisAmount"":""""},""auxiliaries"":[],""a"":{""mode"":""final"",""value"":""50""},""b"":{""mode"":""final"",""value"":""50""},""single"":{""mode"":""final"",""value"":""""},""diluent"":""Opti-MEM"",""order"":""Prepare Control separately; combine A into B.""}]},""__displayUnits"":{}}","[{""key"":""group0_dna"",""label"":""DNA group · DNA per well"",""labelZh"":""DNA group · 每孔总DNA"",""value"":2,""unit"":""µg""},{""key"":""group0_a"",""label"":""DNA group · Tube A total per well"",""labelZh"":""DNA group · 每孔A管总体积"",""value"":62.5,""unit"":""µL""},{""key"":""group0_b"",""label"":""DNA group · Tube B total per well"",""labelZh"":""DNA group · 每孔B管总体积"",""value"":62.5,""unit"":""µL""},{""key"":""group0_mixed"",""label"":""DNA group · Mixture added per well"",""labelZh"":""DNA group · 每孔混合液加入量"",""value"":125,""unit"":""µL""},{""key"":""group0_final"",""label"":""DNA group · Final culture volume per well"",""labelZh"":""DNA group · 每孔最终培养体积"",""value"":1000,""unit"":""µL""},{""key"":""group0_medium"",""label"":""DNA group · Cell medium before addition"",""labelZh"":""DNA group · 加入混合液前培养基/细胞悬液"",""value"":875,""unit"":""µL""},{""key"":""group0_batch"",""label"":""DNA group · Batch supply incl. overage"",""labelZh"":""DNA group · 含余量整批备料体积"",""value"":825.0000000000001,""unit"":""µL""},{""key"":""group1_dna"",""label"":""Control · DNA per well"",""labelZh"":""Control · 每孔总DNA"",""value"":1,""unit"":""µg""},{""key"":""group1_a"",""label"":""Control · Tube A total per well"",""labelZh"":""Control · 每孔A管总体积"",""value"":50,""unit"":""µL""},{""key"":""group1_b"",""label"":""Control · Tube B total per well"",""labelZh"":""Control · 每孔B管总体积"",""value"":50,""unit"":""µL""},{""key"":""group1_mixed"",""label"":""Control · Mixture added per well"",""labelZh"":""Control · 每孔混合液加入量"",""value"":100,""unit"":""µL""},{""key"":""group1_final"",""label"":""Control · Final culture volume per well"",""labelZh"":""Control · 每孔最终培养体积"",""value"":1000,""unit"":""µL""},{""key"":""group1_medium"",""label"":""Control · Cell medium before addition"",""labelZh"":""Control · 加入混合液前培养基/细胞悬液"",""value"":900,""unit"":""µL""},{""key"":""group1_batch"",""label"":""Control · Batch supply incl. overage"",""labelZh"":""Control · 含余量整批备料体积"",""value"":330,""unit"":""µL""},{""key"":""dnaUg"",""label"":""Batch DNA incl. overage"",""labelZh"":""含余量整批DNA"",""value"":16.5,""unit"":""µg""}]","{}","[]"
"DNA group","B","Custom lipid","6","39.6","","[{""id"":""transfection:0:0"",""component"":""Plasmid"",""source"":""Plasmid"",""destination"":""DNA group:A"",""repetitions"":1,""planVersion"":""liquid-operations-v2"",""basis"":""theoretical"",""group"":""0"",""groupName"":""DNA group"",""role"":""add"",""quantity"":{""value"":13.200000000000001,""unit"":""µL"",""dimension"":""volume""}},{""id"":""transfection:0:1"",""component"":""Opti-MEM"",""source"":""Opti-MEM"",""destination"":""DNA group:A"",""repetitions"":1,""planVersion"":""liquid-operations-v2"",""basis"":""theoretical"",""group"":""0"",""groupName"":""DNA group"",""role"":""add"",""quantity"":{""value"":399.3,""unit"":""µL"",""dimension"":""volume""}},{""id"":""transfection:0:2"",""component"":""Custom lipid"",""source"":""Custom lipid"",""destination"":""DNA group:B"",""repetitions"":1,""planVersion"":""liquid-operations-v2"",""basis"":""theoretical"",""group"":""0"",""groupName"":""DNA group"",""role"":""add"",""quantity"":{""value"":39.6,""unit"":""µL"",""dimension"":""volume""}},{""id"":""transfection:0:3"",""component"":""Opti-MEM"",""source"":""Opti-MEM"",""destination"":""DNA group:B"",""repetitions"":1,""planVersion"":""liquid-operations-v2"",""basis"":""theoretical"",""group"":""0"",""groupName"":""DNA group"",""role"":""add"",""quantity"":{""value"":372.90000000000003,""unit"":""µL"",""dimension"":""volume""}},{""id"":""transfection:0:combine"",""component"":""合并A至B / Combine A into B"",""source"":""DNA group:A"",""destination"":""DNA group:B"",""repetitions"":1,""planVersion"":""liquid-operations-v2"",""basis"":""theoretical"",""group"":""0"",""groupName"":""DNA group"",""role"":""transfer"",""quantity"":{""value"":412.50000000000006,""unit"":""µL"",""dimension"":""volume""}},{""id"":""transfection:0:dispense"",""component"":""每孔混合液 / Mixture per well"",""source"":""DNA group:mixture"",""destination"":""DNA group:wells"",""repetitions"":6,""planVersion"":""liquid-operations-v2"",""basis"":""theoretical"",""group"":""0"",""groupName"":""DNA group"",""role"":""dispense"",""quantity"":{""value"":125.00000000000001,""unit"":""µL"",""dimension"":""volume""}},{""id"":""transfection:1:4"",""component"":""Control plasmid"",""source"":""Control plasmid"",""destination"":""Control:A"",""repetitions"":1,""planVersion"":""liquid-operations-v2"",""basis"":""theoretical"",""group"":""1"",""groupName"":""Control"",""role"":""add"",""quantity"":{""value"":1.6500000000000001,""unit"":""µL"",""dimension"":""volume""}},{""id"":""transfection:1:5"",""component"":""Opti-MEM"",""source"":""Opti-MEM"",""destination"":""Control:A"",""repetitions"":1,""planVersion"":""liquid-operations-v2"",""basis"":""theoretical"",""group"":""1"",""groupName"":""Control"",""role"":""add"",""quantity"":{""value"":163.35000000000002,""unit"":""µL"",""dimension"":""volume""}},{""id"":""transfection:1:6"",""component"":""Custom lipid"",""source"":""Custom lipid"",""destination"":""Control:B"",""repetitions"":1,""planVersion"":""liquid-operations-v2"",""basis"":""theoretical"",""group"":""1"",""groupName"":""Control"",""role"":""add"",""quantity"":{""value"":6.6000000000000005,""unit"":""µL"",""dimension"":""volume""}},{""id"":""transfection:1:7"",""component"":""Opti-MEM"",""source"":""Opti-MEM"",""destination"":""Control:B"",""repetitions"":1,""planVersion"":""liquid-operations-v2"",""basis"":""theoretical"",""group"":""1"",""groupName"":""Control"",""role"":""add"",""quantity"":{""value"":158.4,""unit"":""µL"",""dimension"":""volume""}},{""id"":""transfection:1:combine"",""component"":""合并A至B / Combine A into B"",""source"":""Control:A"",""destination"":""Control:B"",""repetitions"":1,""planVersion"":""liquid-operations-v2"",""basis"":""theoretical"",""group"":""1"",""groupName"":""Control"",""role"":""transfer"",""quantity"":{""value"":165,""unit"":""µL"",""dimension"":""volume""}},{""id"":""transfection:1:dispense"",""component"":""每孔混合液 / Mixture per well"",""source"":""Control:mixture"",""destination"":""Control:wells"",""repetitions"":3,""planVersion"":""liquid-operations-v2"",""basis"":""theoretical"",""group"":""1"",""groupName"":""Control"",""role"":""dispense"",""quantity"":{""value"":100,""unit"":""µL"",""dimension"":""volume""}}]","liquid-operations-v2","{""status"":""not-set""}","{}","transfection","default","transfection-v3","valid","方案用量需按所用试剂与细胞条件验证；不同实验组分别配制。 / Validate doses for reagent and cells; prepare each experimental group separately.","DNA group: A管核酸稀释后与B管稀释试剂混合，按已验证方案孵育，再加入细胞。 / Dilute nucleic acid in A and reagent in B; combine and follow the validated protocol before adding to cells.
Control: Prepare Control separately; combine A into B.
体积按可加和计算；siRNA nM × 最终培养体积µL ÷1000 = pmol；µM = pmol/µL。余量仅放大备料，不增加每孔剂量。 / Additive volumes; overage increases supplies only.","{""complexMode"":""combined"",""wells"":"""",""replicates"":"""",""dnaUgPerWell"":"""",""dnaConcentrationUgUl"":"""",""reagentUlPerUg"":"""",""complexVolumeUlPerWell"":"""",""overagePercent"":"""",""tubeAVolumeUl"":"""",""transfectionPlan"":{""version"":3,""material"":""dna"",""mixing"":""two-tube"",""protocol"":""custom"",""groups"":[{""name"":""DNA group"",""wells"":""6"",""overage"":""10"",""finalVolume"":""1000"",""dnaMode"":""amount"",""totalDna"":"""",""rnaMode"":""each-nm"",""totalRna"":"""",""rows"":[{""name"":""Plasmid"",""kind"":""dna"",""stock"":""1"",""stockUnit"":""µg/µL"",""dose"":""2"",""sizeBasis"":""bp"",""size"":""""}],""reagent"":{""name"":""Custom lipid"",""basis"":""dna"",""amount"":""3"",""basisName"":"""",""basisUnit"":"""",""basisAmount"":""""},""auxiliaries"":[],""a"":{""mode"":""final"",""value"":""62.5""},""b"":{""mode"":""final"",""value"":""62.5""},""single"":{""mode"":""final"",""value"":""""},""diluent"":""Opti-MEM"",""order"":""A管核酸稀释后与B管稀释试剂混合，按已验证方案孵育，再加入细胞。 / Dilute nucleic acid in A and reagent in B; combine and follow the validated protocol before adding to cells.""},{""name"":""Control"",""wells"":""3"",""overage"":""10"",""finalVolume"":""1000"",""dnaMode"":""amount"",""totalDna"":"""",""rnaMode"":""each-nm"",""totalRna"":"""",""rows"":[{""name"":""Control plasmid"",""kind"":""dna"",""stock"":""2"",""stockUnit"":""µg/µL"",""dose"":""1"",""sizeBasis"":""bp"",""size"":""""}],""reagent"":{""name"":""Custom lipid"",""basis"":""direct"",""amount"":""2"",""basisName"":"""",""basisUnit"":"""",""basisAmount"":""""},""auxiliaries"":[],""a"":{""mode"":""final"",""value"":""50""},""b"":{""mode"":""final"",""value"":""50""},""single"":{""mode"":""final"",""value"":""""},""diluent"":""Opti-MEM"",""order"":""Prepare Control separately; combine A into B.""}]},""__displayUnits"":{}}","[{""key"":""group0_dna"",""label"":""DNA group · DNA per well"",""labelZh"":""DNA group · 每孔总DNA"",""value"":2,""unit"":""µg""},{""key"":""group0_a"",""label"":""DNA group · Tube A total per well"",""labelZh"":""DNA group · 每孔A管总体积"",""value"":62.5,""unit"":""µL""},{""key"":""group0_b"",""label"":""DNA group · Tube B total per well"",""labelZh"":""DNA group · 每孔B管总体积"",""value"":62.5,""unit"":""µL""},{""key"":""group0_mixed"",""label"":""DNA group · Mixture added per well"",""labelZh"":""DNA group · 每孔混合液加入量"",""value"":125,""unit"":""µL""},{""key"":""group0_final"",""label"":""DNA group · Final culture volume per well"",""labelZh"":""DNA group · 每孔最终培养体积"",""value"":1000,""unit"":""µL""},{""key"":""group0_medium"",""label"":""DNA group · Cell medium before addition"",""labelZh"":""DNA group · 加入混合液前培养基/细胞悬液"",""value"":875,""unit"":""µL""},{""key"":""group0_batch"",""label"":""DNA group · Batch supply incl. overage"",""labelZh"":""DNA group · 含余量整批备料体积"",""value"":825.0000000000001,""unit"":""µL""},{""key"":""group1_dna"",""label"":""Control · DNA per well"",""labelZh"":""Control · 每孔总DNA"",""value"":1,""unit"":""µg""},{""key"":""group1_a"",""label"":""Control · Tube A total per well"",""labelZh"":""Control · 每孔A管总体积"",""value"":50,""unit"":""µL""},{""key"":""group1_b"",""label"":""Control · Tube B total per well"",""labelZh"":""Control · 每孔B管总体积"",""value"":50,""unit"":""µL""},{""key"":""group1_mixed"",""label"":""Control · Mixture added per well"",""labelZh"":""Control · 每孔混合液加入量"",""value"":100,""unit"":""µL""},{""key"":""group1_final"",""label"":""Control · Final culture volume per well"",""labelZh"":""Control · 每孔最终培养体积"",""value"":1000,""unit"":""µL""},{""key"":""group1_medium"",""label"":""Control · Cell medium before addition"",""labelZh"":""Control · 加入混合液前培养基/细胞悬液"",""value"":900,""unit"":""µL""},{""key"":""group1_batch"",""label"":""Control · Batch supply incl. overage"",""labelZh"":""Control · 含余量整批备料体积"",""value"":330,""unit"":""µL""},{""key"":""dnaUg"",""label"":""Batch DNA incl. overage"",""labelZh"":""含余量整批DNA"",""value"":16.5,""unit"":""µg""}]","{}","[]"
"DNA group","B","Opti-MEM","56.5","372.90000000000003","","[{""id"":""transfection:0:0"",""component"":""Plasmid"",""source"":""Plasmid"",""destination"":""DNA group:A"",""repetitions"":1,""planVersion"":""liquid-operations-v2"",""basis"":""theoretical"",""group"":""0"",""groupName"":""DNA group"",""role"":""add"",""quantity"":{""value"":13.200000000000001,""unit"":""µL"",""dimension"":""volume""}},{""id"":""transfection:0:1"",""component"":""Opti-MEM"",""source"":""Opti-MEM"",""destination"":""DNA group:A"",""repetitions"":1,""planVersion"":""liquid-operations-v2"",""basis"":""theoretical"",""group"":""0"",""groupName"":""DNA group"",""role"":""add"",""quantity"":{""value"":399.3,""unit"":""µL"",""dimension"":""volume""}},{""id"":""transfection:0:2"",""component"":""Custom lipid"",""source"":""Custom lipid"",""destination"":""DNA group:B"",""repetitions"":1,""planVersion"":""liquid-operations-v2"",""basis"":""theoretical"",""group"":""0"",""groupName"":""DNA group"",""role"":""add"",""quantity"":{""value"":39.6,""unit"":""µL"",""dimension"":""volume""}},{""id"":""transfection:0:3"",""component"":""Opti-MEM"",""source"":""Opti-MEM"",""destination"":""DNA group:B"",""repetitions"":1,""planVersion"":""liquid-operations-v2"",""basis"":""theoretical"",""group"":""0"",""groupName"":""DNA group"",""role"":""add"",""quantity"":{""value"":372.90000000000003,""unit"":""µL"",""dimension"":""volume""}},{""id"":""transfection:0:combine"",""component"":""合并A至B / Combine A into B"",""source"":""DNA group:A"",""destination"":""DNA group:B"",""repetitions"":1,""planVersion"":""liquid-operations-v2"",""basis"":""theoretical"",""group"":""0"",""groupName"":""DNA group"",""role"":""transfer"",""quantity"":{""value"":412.50000000000006,""unit"":""µL"",""dimension"":""volume""}},{""id"":""transfection:0:dispense"",""component"":""每孔混合液 / Mixture per well"",""source"":""DNA group:mixture"",""destination"":""DNA group:wells"",""repetitions"":6,""planVersion"":""liquid-operations-v2"",""basis"":""theoretical"",""group"":""0"",""groupName"":""DNA group"",""role"":""dispense"",""quantity"":{""value"":125.00000000000001,""unit"":""µL"",""dimension"":""volume""}},{""id"":""transfection:1:4"",""component"":""Control plasmid"",""source"":""Control plasmid"",""destination"":""Control:A"",""repetitions"":1,""planVersion"":""liquid-operations-v2"",""basis"":""theoretical"",""group"":""1"",""groupName"":""Control"",""role"":""add"",""quantity"":{""value"":1.6500000000000001,""unit"":""µL"",""dimension"":""volume""}},{""id"":""transfection:1:5"",""component"":""Opti-MEM"",""source"":""Opti-MEM"",""destination"":""Control:A"",""repetitions"":1,""planVersion"":""liquid-operations-v2"",""basis"":""theoretical"",""group"":""1"",""groupName"":""Control"",""role"":""add"",""quantity"":{""value"":163.35000000000002,""unit"":""µL"",""dimension"":""volume""}},{""id"":""transfection:1:6"",""component"":""Custom lipid"",""source"":""Custom lipid"",""destination"":""Control:B"",""repetitions"":1,""planVersion"":""liquid-operations-v2"",""basis"":""theoretical"",""group"":""1"",""groupName"":""Control"",""role"":""add"",""quantity"":{""value"":6.6000000000000005,""unit"":""µL"",""dimension"":""volume""}},{""id"":""transfection:1:7"",""component"":""Opti-MEM"",""source"":""Opti-MEM"",""destination"":""Control:B"",""repetitions"":1,""planVersion"":""liquid-operations-v2"",""basis"":""theoretical"",""group"":""1"",""groupName"":""Control"",""role"":""add"",""quantity"":{""value"":158.4,""unit"":""µL"",""dimension"":""volume""}},{""id"":""transfection:1:combine"",""component"":""合并A至B / Combine A into B"",""source"":""Control:A"",""destination"":""Control:B"",""repetitions"":1,""planVersion"":""liquid-operations-v2"",""basis"":""theoretical"",""group"":""1"",""groupName"":""Control"",""role"":""transfer"",""quantity"":{""value"":165,""unit"":""µL"",""dimension"":""volume""}},{""id"":""transfection:1:dispense"",""component"":""每孔混合液 / Mixture per well"",""source"":""Control:mixture"",""destination"":""Control:wells"",""repetitions"":3,""planVersion"":""liquid-operations-v2"",""basis"":""theoretical"",""group"":""1"",""groupName"":""Control"",""role"":""dispense"",""quantity"":{""value"":100,""unit"":""µL"",""dimension"":""volume""}}]","liquid-operations-v2","{""status"":""not-set""}","{}","transfection","default","transfection-v3","valid","方案用量需按所用试剂与细胞条件验证；不同实验组分别配制。 / Validate doses for reagent and cells; prepare each experimental group separately.","DNA group: A管核酸稀释后与B管稀释试剂混合，按已验证方案孵育，再加入细胞。 / Dilute nucleic acid in A and reagent in B; combine and follow the validated protocol before adding to cells.
Control: Prepare Control separately; combine A into B.
体积按可加和计算；siRNA nM × 最终培养体积µL ÷1000 = pmol；µM = pmol/µL。余量仅放大备料，不增加每孔剂量。 / Additive volumes; overage increases supplies only.","{""complexMode"":""combined"",""wells"":"""",""replicates"":"""",""dnaUgPerWell"":"""",""dnaConcentrationUgUl"":"""",""reagentUlPerUg"":"""",""complexVolumeUlPerWell"":"""",""overagePercent"":"""",""tubeAVolumeUl"":"""",""transfectionPlan"":{""version"":3,""material"":""dna"",""mixing"":""two-tube"",""protocol"":""custom"",""groups"":[{""name"":""DNA group"",""wells"":""6"",""overage"":""10"",""finalVolume"":""1000"",""dnaMode"":""amount"",""totalDna"":"""",""rnaMode"":""each-nm"",""totalRna"":"""",""rows"":[{""name"":""Plasmid"",""kind"":""dna"",""stock"":""1"",""stockUnit"":""µg/µL"",""dose"":""2"",""sizeBasis"":""bp"",""size"":""""}],""reagent"":{""name"":""Custom lipid"",""basis"":""dna"",""amount"":""3"",""basisName"":"""",""basisUnit"":"""",""basisAmount"":""""},""auxiliaries"":[],""a"":{""mode"":""final"",""value"":""62.5""},""b"":{""mode"":""final"",""value"":""62.5""},""single"":{""mode"":""final"",""value"":""""},""diluent"":""Opti-MEM"",""order"":""A管核酸稀释后与B管稀释试剂混合，按已验证方案孵育，再加入细胞。 / Dilute nucleic acid in A and reagent in B; combine and follow the validated protocol before adding to cells.""},{""name"":""Control"",""wells"":""3"",""overage"":""10"",""finalVolume"":""1000"",""dnaMode"":""amount"",""totalDna"":"""",""rnaMode"":""each-nm"",""totalRna"":"""",""rows"":[{""name"":""Control plasmid"",""kind"":""dna"",""stock"":""2"",""stockUnit"":""µg/µL"",""dose"":""1"",""sizeBasis"":""bp"",""size"":""""}],""reagent"":{""name"":""Custom lipid"",""basis"":""direct"",""amount"":""2"",""basisName"":"""",""basisUnit"":"""",""basisAmount"":""""},""auxiliaries"":[],""a"":{""mode"":""final"",""value"":""50""},""b"":{""mode"":""final"",""value"":""50""},""single"":{""mode"":""final"",""value"":""""},""diluent"":""Opti-MEM"",""order"":""Prepare Control separately; combine A into B.""}]},""__displayUnits"":{}}","[{""key"":""group0_dna"",""label"":""DNA group · DNA per well"",""labelZh"":""DNA group · 每孔总DNA"",""value"":2,""unit"":""µg""},{""key"":""group0_a"",""label"":""DNA group · Tube A total per well"",""labelZh"":""DNA group · 每孔A管总体积"",""value"":62.5,""unit"":""µL""},{""key"":""group0_b"",""label"":""DNA group · Tube B total per well"",""labelZh"":""DNA group · 每孔B管总体积"",""value"":62.5,""unit"":""µL""},{""key"":""group0_mixed"",""label"":""DNA group · Mixture added per well"",""labelZh"":""DNA group · 每孔混合液加入量"",""value"":125,""unit"":""µL""},{""key"":""group0_final"",""label"":""DNA group · Final culture volume per well"",""labelZh"":""DNA group · 每孔最终培养体积"",""value"":1000,""unit"":""µL""},{""key"":""group0_medium"",""label"":""DNA group · Cell medium before addition"",""labelZh"":""DNA group · 加入混合液前培养基/细胞悬液"",""value"":875,""unit"":""µL""},{""key"":""group0_batch"",""label"":""DNA group · Batch supply incl. overage"",""labelZh"":""DNA group · 含余量整批备料体积"",""value"":825.0000000000001,""unit"":""µL""},{""key"":""group1_dna"",""label"":""Control · DNA per well"",""labelZh"":""Control · 每孔总DNA"",""value"":1,""unit"":""µg""},{""key"":""group1_a"",""label"":""Control · Tube A total per well"",""labelZh"":""Control · 每孔A管总体积"",""value"":50,""unit"":""µL""},{""key"":""group1_b"",""label"":""Control · Tube B total per well"",""labelZh"":""Control · 每孔B管总体积"",""value"":50,""unit"":""µL""},{""key"":""group1_mixed"",""label"":""Control · Mixture added per well"",""labelZh"":""Control · 每孔混合液加入量"",""value"":100,""unit"":""µL""},{""key"":""group1_final"",""label"":""Control · Final culture volume per well"",""labelZh"":""Control · 每孔最终培养体积"",""value"":1000,""unit"":""µL""},{""key"":""group1_medium"",""label"":""Control · Cell medium before addition"",""labelZh"":""Control · 加入混合液前培养基/细胞悬液"",""value"":900,""unit"":""µL""},{""key"":""group1_batch"",""label"":""Control · Batch supply incl. overage"",""labelZh"":""Control · 含余量整批备料体积"",""value"":330,""unit"":""µL""},{""key"":""dnaUg"",""label"":""Batch DNA incl. overage"",""labelZh"":""含余量整批DNA"",""value"":16.5,""unit"":""µg""}]","{}","[]"
"Control","A","Control plasmid","0.5","1.6500000000000001","1","[{""id"":""transfection:0:0"",""component"":""Plasmid"",""source"":""Plasmid"",""destination"":""DNA group:A"",""repetitions"":1,""planVersion"":""liquid-operations-v2"",""basis"":""theoretical"",""group"":""0"",""groupName"":""DNA group"",""role"":""add"",""quantity"":{""value"":13.200000000000001,""unit"":""µL"",""dimension"":""volume""}},{""id"":""transfection:0:1"",""component"":""Opti-MEM"",""source"":""Opti-MEM"",""destination"":""DNA group:A"",""repetitions"":1,""planVersion"":""liquid-operations-v2"",""basis"":""theoretical"",""group"":""0"",""groupName"":""DNA group"",""role"":""add"",""quantity"":{""value"":399.3,""unit"":""µL"",""dimension"":""volume""}},{""id"":""transfection:0:2"",""component"":""Custom lipid"",""source"":""Custom lipid"",""destination"":""DNA group:B"",""repetitions"":1,""planVersion"":""liquid-operations-v2"",""basis"":""theoretical"",""group"":""0"",""groupName"":""DNA group"",""role"":""add"",""quantity"":{""value"":39.6,""unit"":""µL"",""dimension"":""volume""}},{""id"":""transfection:0:3"",""component"":""Opti-MEM"",""source"":""Opti-MEM"",""destination"":""DNA group:B"",""repetitions"":1,""planVersion"":""liquid-operations-v2"",""basis"":""theoretical"",""group"":""0"",""groupName"":""DNA group"",""role"":""add"",""quantity"":{""value"":372.90000000000003,""unit"":""µL"",""dimension"":""volume""}},{""id"":""transfection:0:combine"",""component"":""合并A至B / Combine A into B"",""source"":""DNA group:A"",""destination"":""DNA group:B"",""repetitions"":1,""planVersion"":""liquid-operations-v2"",""basis"":""theoretical"",""group"":""0"",""groupName"":""DNA group"",""role"":""transfer"",""quantity"":{""value"":412.50000000000006,""unit"":""µL"",""dimension"":""volume""}},{""id"":""transfection:0:dispense"",""component"":""每孔混合液 / Mixture per well"",""source"":""DNA group:mixture"",""destination"":""DNA group:wells"",""repetitions"":6,""planVersion"":""liquid-operations-v2"",""basis"":""theoretical"",""group"":""0"",""groupName"":""DNA group"",""role"":""dispense"",""quantity"":{""value"":125.00000000000001,""unit"":""µL"",""dimension"":""volume""}},{""id"":""transfection:1:4"",""component"":""Control plasmid"",""source"":""Control plasmid"",""destination"":""Control:A"",""repetitions"":1,""planVersion"":""liquid-operations-v2"",""basis"":""theoretical"",""group"":""1"",""groupName"":""Control"",""role"":""add"",""quantity"":{""value"":1.6500000000000001,""unit"":""µL"",""dimension"":""volume""}},{""id"":""transfection:1:5"",""component"":""Opti-MEM"",""source"":""Opti-MEM"",""destination"":""Control:A"",""repetitions"":1,""planVersion"":""liquid-operations-v2"",""basis"":""theoretical"",""group"":""1"",""groupName"":""Control"",""role"":""add"",""quantity"":{""value"":163.35000000000002,""unit"":""µL"",""dimension"":""volume""}},{""id"":""transfection:1:6"",""component"":""Custom lipid"",""source"":""Custom lipid"",""destination"":""Control:B"",""repetitions"":1,""planVersion"":""liquid-operations-v2"",""basis"":""theoretical"",""group"":""1"",""groupName"":""Control"",""role"":""add"",""quantity"":{""value"":6.6000000000000005,""unit"":""µL"",""dimension"":""volume""}},{""id"":""transfection:1:7"",""component"":""Opti-MEM"",""source"":""Opti-MEM"",""destination"":""Control:B"",""repetitions"":1,""planVersion"":""liquid-operations-v2"",""basis"":""theoretical"",""group"":""1"",""groupName"":""Control"",""role"":""add"",""quantity"":{""value"":158.4,""unit"":""µL"",""dimension"":""volume""}},{""id"":""transfection:1:combine"",""component"":""合并A至B / Combine A into B"",""source"":""Control:A"",""destination"":""Control:B"",""repetitions"":1,""planVersion"":""liquid-operations-v2"",""basis"":""theoretical"",""group"":""1"",""groupName"":""Control"",""role"":""transfer"",""quantity"":{""value"":165,""unit"":""µL"",""dimension"":""volume""}},{""id"":""transfection:1:dispense"",""component"":""每孔混合液 / Mixture per well"",""source"":""Control:mixture"",""destination"":""Control:wells"",""repetitions"":3,""planVersion"":""liquid-operations-v2"",""basis"":""theoretical"",""group"":""1"",""groupName"":""Control"",""role"":""dispense"",""quantity"":{""value"":100,""unit"":""µL"",""dimension"":""volume""}}]","liquid-operations-v2","{""status"":""not-set""}","{}","transfection","default","transfection-v3","valid","方案用量需按所用试剂与细胞条件验证；不同实验组分别配制。 / Validate doses for reagent and cells; prepare each experimental group separately.","DNA group: A管核酸稀释后与B管稀释试剂混合，按已验证方案孵育，再加入细胞。 / Dilute nucleic acid in A and reagent in B; combine and follow the validated protocol before adding to cells.
Control: Prepare Control separately; combine A into B.
体积按可加和计算；siRNA nM × 最终培养体积µL ÷1000 = pmol；µM = pmol/µL。余量仅放大备料，不增加每孔剂量。 / Additive volumes; overage increases supplies only.","{""complexMode"":""combined"",""wells"":"""",""replicates"":"""",""dnaUgPerWell"":"""",""dnaConcentrationUgUl"":"""",""reagentUlPerUg"":"""",""complexVolumeUlPerWell"":"""",""overagePercent"":"""",""tubeAVolumeUl"":"""",""transfectionPlan"":{""version"":3,""material"":""dna"",""mixing"":""two-tube"",""protocol"":""custom"",""groups"":[{""name"":""DNA group"",""wells"":""6"",""overage"":""10"",""finalVolume"":""1000"",""dnaMode"":""amount"",""totalDna"":"""",""rnaMode"":""each-nm"",""totalRna"":"""",""rows"":[{""name"":""Plasmid"",""kind"":""dna"",""stock"":""1"",""stockUnit"":""µg/µL"",""dose"":""2"",""sizeBasis"":""bp"",""size"":""""}],""reagent"":{""name"":""Custom lipid"",""basis"":""dna"",""amount"":""3"",""basisName"":"""",""basisUnit"":"""",""basisAmount"":""""},""auxiliaries"":[],""a"":{""mode"":""final"",""value"":""62.5""},""b"":{""mode"":""final"",""value"":""62.5""},""single"":{""mode"":""final"",""value"":""""},""diluent"":""Opti-MEM"",""order"":""A管核酸稀释后与B管稀释试剂混合，按已验证方案孵育，再加入细胞。 / Dilute nucleic acid in A and reagent in B; combine and follow the validated protocol before adding to cells.""},{""name"":""Control"",""wells"":""3"",""overage"":""10"",""finalVolume"":""1000"",""dnaMode"":""amount"",""totalDna"":"""",""rnaMode"":""each-nm"",""totalRna"":"""",""rows"":[{""name"":""Control plasmid"",""kind"":""dna"",""stock"":""2"",""stockUnit"":""µg/µL"",""dose"":""1"",""sizeBasis"":""bp"",""size"":""""}],""reagent"":{""name"":""Custom lipid"",""basis"":""direct"",""amount"":""2"",""basisName"":"""",""basisUnit"":"""",""basisAmount"":""""},""auxiliaries"":[],""a"":{""mode"":""final"",""value"":""50""},""b"":{""mode"":""final"",""value"":""50""},""single"":{""mode"":""final"",""value"":""""},""diluent"":""Opti-MEM"",""order"":""Prepare Control separately; combine A into B.""}]},""__displayUnits"":{}}","[{""key"":""group0_dna"",""label"":""DNA group · DNA per well"",""labelZh"":""DNA group · 每孔总DNA"",""value"":2,""unit"":""µg""},{""key"":""group0_a"",""label"":""DNA group · Tube A total per well"",""labelZh"":""DNA group · 每孔A管总体积"",""value"":62.5,""unit"":""µL""},{""key"":""group0_b"",""label"":""DNA group · Tube B total per well"",""labelZh"":""DNA group · 每孔B管总体积"",""value"":62.5,""unit"":""µL""},{""key"":""group0_mixed"",""label"":""DNA group · Mixture added per well"",""labelZh"":""DNA group · 每孔混合液加入量"",""value"":125,""unit"":""µL""},{""key"":""group0_final"",""label"":""DNA group · Final culture volume per well"",""labelZh"":""DNA group · 每孔最终培养体积"",""value"":1000,""unit"":""µL""},{""key"":""group0_medium"",""label"":""DNA group · Cell medium before addition"",""labelZh"":""DNA group · 加入混合液前培养基/细胞悬液"",""value"":875,""unit"":""µL""},{""key"":""group0_batch"",""label"":""DNA group · Batch supply incl. overage"",""labelZh"":""DNA group · 含余量整批备料体积"",""value"":825.0000000000001,""unit"":""µL""},{""key"":""group1_dna"",""label"":""Control · DNA per well"",""labelZh"":""Control · 每孔总DNA"",""value"":1,""unit"":""µg""},{""key"":""group1_a"",""label"":""Control · Tube A total per well"",""labelZh"":""Control · 每孔A管总体积"",""value"":50,""unit"":""µL""},{""key"":""group1_b"",""label"":""Control · Tube B total per well"",""labelZh"":""Control · 每孔B管总体积"",""value"":50,""unit"":""µL""},{""key"":""group1_mixed"",""label"":""Control · Mixture added per well"",""labelZh"":""Control · 每孔混合液加入量"",""value"":100,""unit"":""µL""},{""key"":""group1_final"",""label"":""Control · Final culture volume per well"",""labelZh"":""Control · 每孔最终培养体积"",""value"":1000,""unit"":""µL""},{""key"":""group1_medium"",""label"":""Control · Cell medium before addition"",""labelZh"":""Control · 加入混合液前培养基/细胞悬液"",""value"":900,""unit"":""µL""},{""key"":""group1_batch"",""label"":""Control · Batch supply incl. overage"",""labelZh"":""Control · 含余量整批备料体积"",""value"":330,""unit"":""µL""},{""key"":""dnaUg"",""label"":""Batch DNA incl. overage"",""labelZh"":""含余量整批DNA"",""value"":16.5,""unit"":""µg""}]","{}","[]"
"Control","A","Opti-MEM","49.5","163.35000000000002","","[{""id"":""transfection:0:0"",""component"":""Plasmid"",""source"":""Plasmid"",""destination"":""DNA group:A"",""repetitions"":1,""planVersion"":""liquid-operations-v2"",""basis"":""theoretical"",""group"":""0"",""groupName"":""DNA group"",""role"":""add"",""quantity"":{""value"":13.200000000000001,""unit"":""µL"",""dimension"":""volume""}},{""id"":""transfection:0:1"",""component"":""Opti-MEM"",""source"":""Opti-MEM"",""destination"":""DNA group:A"",""repetitions"":1,""planVersion"":""liquid-operations-v2"",""basis"":""theoretical"",""group"":""0"",""groupName"":""DNA group"",""role"":""add"",""quantity"":{""value"":399.3,""unit"":""µL"",""dimension"":""volume""}},{""id"":""transfection:0:2"",""component"":""Custom lipid"",""source"":""Custom lipid"",""destination"":""DNA group:B"",""repetitions"":1,""planVersion"":""liquid-operations-v2"",""basis"":""theoretical"",""group"":""0"",""groupName"":""DNA group"",""role"":""add"",""quantity"":{""value"":39.6,""unit"":""µL"",""dimension"":""volume""}},{""id"":""transfection:0:3"",""component"":""Opti-MEM"",""source"":""Opti-MEM"",""destination"":""DNA group:B"",""repetitions"":1,""planVersion"":""liquid-operations-v2"",""basis"":""theoretical"",""group"":""0"",""groupName"":""DNA group"",""role"":""add"",""quantity"":{""value"":372.90000000000003,""unit"":""µL"",""dimension"":""volume""}},{""id"":""transfection:0:combine"",""component"":""合并A至B / Combine A into B"",""source"":""DNA group:A"",""destination"":""DNA group:B"",""repetitions"":1,""planVersion"":""liquid-operations-v2"",""basis"":""theoretical"",""group"":""0"",""groupName"":""DNA group"",""role"":""transfer"",""quantity"":{""value"":412.50000000000006,""unit"":""µL"",""dimension"":""volume""}},{""id"":""transfection:0:dispense"",""component"":""每孔混合液 / Mixture per well"",""source"":""DNA group:mixture"",""destination"":""DNA group:wells"",""repetitions"":6,""planVersion"":""liquid-operations-v2"",""basis"":""theoretical"",""group"":""0"",""groupName"":""DNA group"",""role"":""dispense"",""quantity"":{""value"":125.00000000000001,""unit"":""µL"",""dimension"":""volume""}},{""id"":""transfection:1:4"",""component"":""Control plasmid"",""source"":""Control plasmid"",""destination"":""Control:A"",""repetitions"":1,""planVersion"":""liquid-operations-v2"",""basis"":""theoretical"",""group"":""1"",""groupName"":""Control"",""role"":""add"",""quantity"":{""value"":1.6500000000000001,""unit"":""µL"",""dimension"":""volume""}},{""id"":""transfection:1:5"",""component"":""Opti-MEM"",""source"":""Opti-MEM"",""destination"":""Control:A"",""repetitions"":1,""planVersion"":""liquid-operations-v2"",""basis"":""theoretical"",""group"":""1"",""groupName"":""Control"",""role"":""add"",""quantity"":{""value"":163.35000000000002,""unit"":""µL"",""dimension"":""volume""}},{""id"":""transfection:1:6"",""component"":""Custom lipid"",""source"":""Custom lipid"",""destination"":""Control:B"",""repetitions"":1,""planVersion"":""liquid-operations-v2"",""basis"":""theoretical"",""group"":""1"",""groupName"":""Control"",""role"":""add"",""quantity"":{""value"":6.6000000000000005,""unit"":""µL"",""dimension"":""volume""}},{""id"":""transfection:1:7"",""component"":""Opti-MEM"",""source"":""Opti-MEM"",""destination"":""Control:B"",""repetitions"":1,""planVersion"":""liquid-operations-v2"",""basis"":""theoretical"",""group"":""1"",""groupName"":""Control"",""role"":""add"",""quantity"":{""value"":158.4,""unit"":""µL"",""dimension"":""volume""}},{""id"":""transfection:1:combine"",""component"":""合并A至B / Combine A into B"",""source"":""Control:A"",""destination"":""Control:B"",""repetitions"":1,""planVersion"":""liquid-operations-v2"",""basis"":""theoretical"",""group"":""1"",""groupName"":""Control"",""role"":""transfer"",""quantity"":{""value"":165,""unit"":""µL"",""dimension"":""volume""}},{""id"":""transfection:1:dispense"",""component"":""每孔混合液 / Mixture per well"",""source"":""Control:mixture"",""destination"":""Control:wells"",""repetitions"":3,""planVersion"":""liquid-operations-v2"",""basis"":""theoretical"",""group"":""1"",""groupName"":""Control"",""role"":""dispense"",""quantity"":{""value"":100,""unit"":""µL"",""dimension"":""volume""}}]","liquid-operations-v2","{""status"":""not-set""}","{}","transfection","default","transfection-v3","valid","方案用量需按所用试剂与细胞条件验证；不同实验组分别配制。 / Validate doses for reagent and cells; prepare each experimental group separately.","DNA group: A管核酸稀释后与B管稀释试剂混合，按已验证方案孵育，再加入细胞。 / Dilute nucleic acid in A and reagent in B; combine and follow the validated protocol before adding to cells.
Control: Prepare Control separately; combine A into B.
体积按可加和计算；siRNA nM × 最终培养体积µL ÷1000 = pmol；µM = pmol/µL。余量仅放大备料，不增加每孔剂量。 / Additive volumes; overage increases supplies only.","{""complexMode"":""combined"",""wells"":"""",""replicates"":"""",""dnaUgPerWell"":"""",""dnaConcentrationUgUl"":"""",""reagentUlPerUg"":"""",""complexVolumeUlPerWell"":"""",""overagePercent"":"""",""tubeAVolumeUl"":"""",""transfectionPlan"":{""version"":3,""material"":""dna"",""mixing"":""two-tube"",""protocol"":""custom"",""groups"":[{""name"":""DNA group"",""wells"":""6"",""overage"":""10"",""finalVolume"":""1000"",""dnaMode"":""amount"",""totalDna"":"""",""rnaMode"":""each-nm"",""totalRna"":"""",""rows"":[{""name"":""Plasmid"",""kind"":""dna"",""stock"":""1"",""stockUnit"":""µg/µL"",""dose"":""2"",""sizeBasis"":""bp"",""size"":""""}],""reagent"":{""name"":""Custom lipid"",""basis"":""dna"",""amount"":""3"",""basisName"":"""",""basisUnit"":"""",""basisAmount"":""""},""auxiliaries"":[],""a"":{""mode"":""final"",""value"":""62.5""},""b"":{""mode"":""final"",""value"":""62.5""},""single"":{""mode"":""final"",""value"":""""},""diluent"":""Opti-MEM"",""order"":""A管核酸稀释后与B管稀释试剂混合，按已验证方案孵育，再加入细胞。 / Dilute nucleic acid in A and reagent in B; combine and follow the validated protocol before adding to cells.""},{""name"":""Control"",""wells"":""3"",""overage"":""10"",""finalVolume"":""1000"",""dnaMode"":""amount"",""totalDna"":"""",""rnaMode"":""each-nm"",""totalRna"":"""",""rows"":[{""name"":""Control plasmid"",""kind"":""dna"",""stock"":""2"",""stockUnit"":""µg/µL"",""dose"":""1"",""sizeBasis"":""bp"",""size"":""""}],""reagent"":{""name"":""Custom lipid"",""basis"":""direct"",""amount"":""2"",""basisName"":"""",""basisUnit"":"""",""basisAmount"":""""},""auxiliaries"":[],""a"":{""mode"":""final"",""value"":""50""},""b"":{""mode"":""final"",""value"":""50""},""single"":{""mode"":""final"",""value"":""""},""diluent"":""Opti-MEM"",""order"":""Prepare Control separately; combine A into B.""}]},""__displayUnits"":{}}","[{""key"":""group0_dna"",""label"":""DNA group · DNA per well"",""labelZh"":""DNA group · 每孔总DNA"",""value"":2,""unit"":""µg""},{""key"":""group0_a"",""label"":""DNA group · Tube A total per well"",""labelZh"":""DNA group · 每孔A管总体积"",""value"":62.5,""unit"":""µL""},{""key"":""group0_b"",""label"":""DNA group · Tube B total per well"",""labelZh"":""DNA group · 每孔B管总体积"",""value"":62.5,""unit"":""µL""},{""key"":""group0_mixed"",""label"":""DNA group · Mixture added per well"",""labelZh"":""DNA group · 每孔混合液加入量"",""value"":125,""unit"":""µL""},{""key"":""group0_final"",""label"":""DNA group · Final culture volume per well"",""labelZh"":""DNA group · 每孔最终培养体积"",""value"":1000,""unit"":""µL""},{""key"":""group0_medium"",""label"":""DNA group · Cell medium before addition"",""labelZh"":""DNA group · 加入混合液前培养基/细胞悬液"",""value"":875,""unit"":""µL""},{""key"":""group0_batch"",""label"":""DNA group · Batch supply incl. overage"",""labelZh"":""DNA group · 含余量整批备料体积"",""value"":825.0000000000001,""unit"":""µL""},{""key"":""group1_dna"",""label"":""Control · DNA per well"",""labelZh"":""Control · 每孔总DNA"",""value"":1,""unit"":""µg""},{""key"":""group1_a"",""label"":""Control · Tube A total per well"",""labelZh"":""Control · 每孔A管总体积"",""value"":50,""unit"":""µL""},{""key"":""group1_b"",""label"":""Control · Tube B total per well"",""labelZh"":""Control · 每孔B管总体积"",""value"":50,""unit"":""µL""},{""key"":""group1_mixed"",""label"":""Control · Mixture added per well"",""labelZh"":""Control · 每孔混合液加入量"",""value"":100,""unit"":""µL""},{""key"":""group1_final"",""label"":""Control · Final culture volume per well"",""labelZh"":""Control · 每孔最终培养体积"",""value"":1000,""unit"":""µL""},{""key"":""group1_medium"",""label"":""Control · Cell medium before addition"",""labelZh"":""Control · 加入混合液前培养基/细胞悬液"",""value"":900,""unit"":""µL""},{""key"":""group1_batch"",""label"":""Control · Batch supply incl. overage"",""labelZh"":""Control · 含余量整批备料体积"",""value"":330,""unit"":""µL""},{""key"":""dnaUg"",""label"":""Batch DNA incl. overage"",""labelZh"":""含余量整批DNA"",""value"":16.5,""unit"":""µg""}]","{}","[]"
"Control","B","Custom lipid","2","6.6000000000000005","","[{""id"":""transfection:0:0"",""component"":""Plasmid"",""source"":""Plasmid"",""destination"":""DNA group:A"",""repetitions"":1,""planVersion"":""liquid-operations-v2"",""basis"":""theoretical"",""group"":""0"",""groupName"":""DNA group"",""role"":""add"",""quantity"":{""value"":13.200000000000001,""unit"":""µL"",""dimension"":""volume""}},{""id"":""transfection:0:1"",""component"":""Opti-MEM"",""source"":""Opti-MEM"",""destination"":""DNA group:A"",""repetitions"":1,""planVersion"":""liquid-operations-v2"",""basis"":""theoretical"",""group"":""0"",""groupName"":""DNA group"",""role"":""add"",""quantity"":{""value"":399.3,""unit"":""µL"",""dimension"":""volume""}},{""id"":""transfection:0:2"",""component"":""Custom lipid"",""source"":""Custom lipid"",""destination"":""DNA group:B"",""repetitions"":1,""planVersion"":""liquid-operations-v2"",""basis"":""theoretical"",""group"":""0"",""groupName"":""DNA group"",""role"":""add"",""quantity"":{""value"":39.6,""unit"":""µL"",""dimension"":""volume""}},{""id"":""transfection:0:3"",""component"":""Opti-MEM"",""source"":""Opti-MEM"",""destination"":""DNA group:B"",""repetitions"":1,""planVersion"":""liquid-operations-v2"",""basis"":""theoretical"",""group"":""0"",""groupName"":""DNA group"",""role"":""add"",""quantity"":{""value"":372.90000000000003,""unit"":""µL"",""dimension"":""volume""}},{""id"":""transfection:0:combine"",""component"":""合并A至B / Combine A into B"",""source"":""DNA group:A"",""destination"":""DNA group:B"",""repetitions"":1,""planVersion"":""liquid-operations-v2"",""basis"":""theoretical"",""group"":""0"",""groupName"":""DNA group"",""role"":""transfer"",""quantity"":{""value"":412.50000000000006,""unit"":""µL"",""dimension"":""volume""}},{""id"":""transfection:0:dispense"",""component"":""每孔混合液 / Mixture per well"",""source"":""DNA group:mixture"",""destination"":""DNA group:wells"",""repetitions"":6,""planVersion"":""liquid-operations-v2"",""basis"":""theoretical"",""group"":""0"",""groupName"":""DNA group"",""role"":""dispense"",""quantity"":{""value"":125.00000000000001,""unit"":""µL"",""dimension"":""volume""}},{""id"":""transfection:1:4"",""component"":""Control plasmid"",""source"":""Control plasmid"",""destination"":""Control:A"",""repetitions"":1,""planVersion"":""liquid-operations-v2"",""basis"":""theoretical"",""group"":""1"",""groupName"":""Control"",""role"":""add"",""quantity"":{""value"":1.6500000000000001,""unit"":""µL"",""dimension"":""volume""}},{""id"":""transfection:1:5"",""component"":""Opti-MEM"",""source"":""Opti-MEM"",""destination"":""Control:A"",""repetitions"":1,""planVersion"":""liquid-operations-v2"",""basis"":""theoretical"",""group"":""1"",""groupName"":""Control"",""role"":""add"",""quantity"":{""value"":163.35000000000002,""unit"":""µL"",""dimension"":""volume""}},{""id"":""transfection:1:6"",""component"":""Custom lipid"",""source"":""Custom lipid"",""destination"":""Control:B"",""repetitions"":1,""planVersion"":""liquid-operations-v2"",""basis"":""theoretical"",""group"":""1"",""groupName"":""Control"",""role"":""add"",""quantity"":{""value"":6.6000000000000005,""unit"":""µL"",""dimension"":""volume""}},{""id"":""transfection:1:7"",""component"":""Opti-MEM"",""source"":""Opti-MEM"",""destination"":""Control:B"",""repetitions"":1,""planVersion"":""liquid-operations-v2"",""basis"":""theoretical"",""group"":""1"",""groupName"":""Control"",""role"":""add"",""quantity"":{""value"":158.4,""unit"":""µL"",""dimension"":""volume""}},{""id"":""transfection:1:combine"",""component"":""合并A至B / Combine A into B"",""source"":""Control:A"",""destination"":""Control:B"",""repetitions"":1,""planVersion"":""liquid-operations-v2"",""basis"":""theoretical"",""group"":""1"",""groupName"":""Control"",""role"":""transfer"",""quantity"":{""value"":165,""unit"":""µL"",""dimension"":""volume""}},{""id"":""transfection:1:dispense"",""component"":""每孔混合液 / Mixture per well"",""source"":""Control:mixture"",""destination"":""Control:wells"",""repetitions"":3,""planVersion"":""liquid-operations-v2"",""basis"":""theoretical"",""group"":""1"",""groupName"":""Control"",""role"":""dispense"",""quantity"":{""value"":100,""unit"":""µL"",""dimension"":""volume""}}]","liquid-operations-v2","{""status"":""not-set""}","{}","transfection","default","transfection-v3","valid","方案用量需按所用试剂与细胞条件验证；不同实验组分别配制。 / Validate doses for reagent and cells; prepare each experimental group separately.","DNA group: A管核酸稀释后与B管稀释试剂混合，按已验证方案孵育，再加入细胞。 / Dilute nucleic acid in A and reagent in B; combine and follow the validated protocol before adding to cells.
Control: Prepare Control separately; combine A into B.
体积按可加和计算；siRNA nM × 最终培养体积µL ÷1000 = pmol；µM = pmol/µL。余量仅放大备料，不增加每孔剂量。 / Additive volumes; overage increases supplies only.","{""complexMode"":""combined"",""wells"":"""",""replicates"":"""",""dnaUgPerWell"":"""",""dnaConcentrationUgUl"":"""",""reagentUlPerUg"":"""",""complexVolumeUlPerWell"":"""",""overagePercent"":"""",""tubeAVolumeUl"":"""",""transfectionPlan"":{""version"":3,""material"":""dna"",""mixing"":""two-tube"",""protocol"":""custom"",""groups"":[{""name"":""DNA group"",""wells"":""6"",""overage"":""10"",""finalVolume"":""1000"",""dnaMode"":""amount"",""totalDna"":"""",""rnaMode"":""each-nm"",""totalRna"":"""",""rows"":[{""name"":""Plasmid"",""kind"":""dna"",""stock"":""1"",""stockUnit"":""µg/µL"",""dose"":""2"",""sizeBasis"":""bp"",""size"":""""}],""reagent"":{""name"":""Custom lipid"",""basis"":""dna"",""amount"":""3"",""basisName"":"""",""basisUnit"":"""",""basisAmount"":""""},""auxiliaries"":[],""a"":{""mode"":""final"",""value"":""62.5""},""b"":{""mode"":""final"",""value"":""62.5""},""single"":{""mode"":""final"",""value"":""""},""diluent"":""Opti-MEM"",""order"":""A管核酸稀释后与B管稀释试剂混合，按已验证方案孵育，再加入细胞。 / Dilute nucleic acid in A and reagent in B; combine and follow the validated protocol before adding to cells.""},{""name"":""Control"",""wells"":""3"",""overage"":""10"",""finalVolume"":""1000"",""dnaMode"":""amount"",""totalDna"":"""",""rnaMode"":""each-nm"",""totalRna"":"""",""rows"":[{""name"":""Control plasmid"",""kind"":""dna"",""stock"":""2"",""stockUnit"":""µg/µL"",""dose"":""1"",""sizeBasis"":""bp"",""size"":""""}],""reagent"":{""name"":""Custom lipid"",""basis"":""direct"",""amount"":""2"",""basisName"":"""",""basisUnit"":"""",""basisAmount"":""""},""auxiliaries"":[],""a"":{""mode"":""final"",""value"":""50""},""b"":{""mode"":""final"",""value"":""50""},""single"":{""mode"":""final"",""value"":""""},""diluent"":""Opti-MEM"",""order"":""Prepare Control separately; combine A into B.""}]},""__displayUnits"":{}}","[{""key"":""group0_dna"",""label"":""DNA group · DNA per well"",""labelZh"":""DNA group · 每孔总DNA"",""value"":2,""unit"":""µg""},{""key"":""group0_a"",""label"":""DNA group · Tube A total per well"",""labelZh"":""DNA group · 每孔A管总体积"",""value"":62.5,""unit"":""µL""},{""key"":""group0_b"",""label"":""DNA group · Tube B total per well"",""labelZh"":""DNA group · 每孔B管总体积"",""value"":62.5,""unit"":""µL""},{""key"":""group0_mixed"",""label"":""DNA group · Mixture added per well"",""labelZh"":""DNA group · 每孔混合液加入量"",""value"":125,""unit"":""µL""},{""key"":""group0_final"",""label"":""DNA group · Final culture volume per well"",""labelZh"":""DNA group · 每孔最终培养体积"",""value"":1000,""unit"":""µL""},{""key"":""group0_medium"",""label"":""DNA group · Cell medium before addition"",""labelZh"":""DNA group · 加入混合液前培养基/细胞悬液"",""value"":875,""unit"":""µL""},{""key"":""group0_batch"",""label"":""DNA group · Batch supply incl. overage"",""labelZh"":""DNA group · 含余量整批备料体积"",""value"":825.0000000000001,""unit"":""µL""},{""key"":""group1_dna"",""label"":""Control · DNA per well"",""labelZh"":""Control · 每孔总DNA"",""value"":1,""unit"":""µg""},{""key"":""group1_a"",""label"":""Control · Tube A total per well"",""labelZh"":""Control · 每孔A管总体积"",""value"":50,""unit"":""µL""},{""key"":""group1_b"",""label"":""Control · Tube B total per well"",""labelZh"":""Control · 每孔B管总体积"",""value"":50,""unit"":""µL""},{""key"":""group1_mixed"",""label"":""Control · Mixture added per well"",""labelZh"":""Control · 每孔混合液加入量"",""value"":100,""unit"":""µL""},{""key"":""group1_final"",""label"":""Control · Final culture volume per well"",""labelZh"":""Control · 每孔最终培养体积"",""value"":1000,""unit"":""µL""},{""key"":""group1_medium"",""label"":""Control · Cell medium before addition"",""labelZh"":""Control · 加入混合液前培养基/细胞悬液"",""value"":900,""unit"":""µL""},{""key"":""group1_batch"",""label"":""Control · Batch supply incl. overage"",""labelZh"":""Control · 含余量整批备料体积"",""value"":330,""unit"":""µL""},{""key"":""dnaUg"",""label"":""Batch DNA incl. overage"",""labelZh"":""含余量整批DNA"",""value"":16.5,""unit"":""µg""}]","{}","[]"
"Control","B","Opti-MEM","48","158.4","","[{""id"":""transfection:0:0"",""component"":""Plasmid"",""source"":""Plasmid"",""destination"":""DNA group:A"",""repetitions"":1,""planVersion"":""liquid-operations-v2"",""basis"":""theoretical"",""group"":""0"",""groupName"":""DNA group"",""role"":""add"",""quantity"":{""value"":13.200000000000001,""unit"":""µL"",""dimension"":""volume""}},{""id"":""transfection:0:1"",""component"":""Opti-MEM"",""source"":""Opti-MEM"",""destination"":""DNA group:A"",""repetitions"":1,""planVersion"":""liquid-operations-v2"",""basis"":""theoretical"",""group"":""0"",""groupName"":""DNA group"",""role"":""add"",""quantity"":{""value"":399.3,""unit"":""µL"",""dimension"":""volume""}},{""id"":""transfection:0:2"",""component"":""Custom lipid"",""source"":""Custom lipid"",""destination"":""DNA group:B"",""repetitions"":1,""planVersion"":""liquid-operations-v2"",""basis"":""theoretical"",""group"":""0"",""groupName"":""DNA group"",""role"":""add"",""quantity"":{""value"":39.6,""unit"":""µL"",""dimension"":""volume""}},{""id"":""transfection:0:3"",""component"":""Opti-MEM"",""source"":""Opti-MEM"",""destination"":""DNA group:B"",""repetitions"":1,""planVersion"":""liquid-operations-v2"",""basis"":""theoretical"",""group"":""0"",""groupName"":""DNA group"",""role"":""add"",""quantity"":{""value"":372.90000000000003,""unit"":""µL"",""dimension"":""volume""}},{""id"":""transfection:0:combine"",""component"":""合并A至B / Combine A into B"",""source"":""DNA group:A"",""destination"":""DNA group:B"",""repetitions"":1,""planVersion"":""liquid-operations-v2"",""basis"":""theoretical"",""group"":""0"",""groupName"":""DNA group"",""role"":""transfer"",""quantity"":{""value"":412.50000000000006,""unit"":""µL"",""dimension"":""volume""}},{""id"":""transfection:0:dispense"",""component"":""每孔混合液 / Mixture per well"",""source"":""DNA group:mixture"",""destination"":""DNA group:wells"",""repetitions"":6,""planVersion"":""liquid-operations-v2"",""basis"":""theoretical"",""group"":""0"",""groupName"":""DNA group"",""role"":""dispense"",""quantity"":{""value"":125.00000000000001,""unit"":""µL"",""dimension"":""volume""}},{""id"":""transfection:1:4"",""component"":""Control plasmid"",""source"":""Control plasmid"",""destination"":""Control:A"",""repetitions"":1,""planVersion"":""liquid-operations-v2"",""basis"":""theoretical"",""group"":""1"",""groupName"":""Control"",""role"":""add"",""quantity"":{""value"":1.6500000000000001,""unit"":""µL"",""dimension"":""volume""}},{""id"":""transfection:1:5"",""component"":""Opti-MEM"",""source"":""Opti-MEM"",""destination"":""Control:A"",""repetitions"":1,""planVersion"":""liquid-operations-v2"",""basis"":""theoretical"",""group"":""1"",""groupName"":""Control"",""role"":""add"",""quantity"":{""value"":163.35000000000002,""unit"":""µL"",""dimension"":""volume""}},{""id"":""transfection:1:6"",""component"":""Custom lipid"",""source"":""Custom lipid"",""destination"":""Control:B"",""repetitions"":1,""planVersion"":""liquid-operations-v2"",""basis"":""theoretical"",""group"":""1"",""groupName"":""Control"",""role"":""add"",""quantity"":{""value"":6.6000000000000005,""unit"":""µL"",""dimension"":""volume""}},{""id"":""transfection:1:7"",""component"":""Opti-MEM"",""source"":""Opti-MEM"",""destination"":""Control:B"",""repetitions"":1,""planVersion"":""liquid-operations-v2"",""basis"":""theoretical"",""group"":""1"",""groupName"":""Control"",""role"":""add"",""quantity"":{""value"":158.4,""unit"":""µL"",""dimension"":""volume""}},{""id"":""transfection:1:combine"",""component"":""合并A至B / Combine A into B"",""source"":""Control:A"",""destination"":""Control:B"",""repetitions"":1,""planVersion"":""liquid-operations-v2"",""basis"":""theoretical"",""group"":""1"",""groupName"":""Control"",""role"":""transfer"",""quantity"":{""value"":165,""unit"":""µL"",""dimension"":""volume""}},{""id"":""transfection:1:dispense"",""component"":""每孔混合液 / Mixture per well"",""source"":""Control:mixture"",""destination"":""Control:wells"",""repetitions"":3,""planVersion"":""liquid-operations-v2"",""basis"":""theoretical"",""group"":""1"",""groupName"":""Control"",""role"":""dispense"",""quantity"":{""value"":100,""unit"":""µL"",""dimension"":""volume""}}]","liquid-operations-v2","{""status"":""not-set""}","{}","transfection","default","transfection-v3","valid","方案用量需按所用试剂与细胞条件验证；不同实验组分别配制。 / Validate doses for reagent and cells; prepare each experimental group separately.","DNA group: A管核酸稀释后与B管稀释试剂混合，按已验证方案孵育，再加入细胞。 / Dilute nucleic acid in A and reagent in B; combine and follow the validated protocol before adding to cells.
Control: Prepare Control separately; combine A into B.
体积按可加和计算；siRNA nM × 最终培养体积µL ÷1000 = pmol；µM = pmol/µL。余量仅放大备料，不增加每孔剂量。 / Additive volumes; overage increases supplies only.","{""complexMode"":""combined"",""wells"":"""",""replicates"":"""",""dnaUgPerWell"":"""",""dnaConcentrationUgUl"":"""",""reagentUlPerUg"":"""",""complexVolumeUlPerWell"":"""",""overagePercent"":"""",""tubeAVolumeUl"":"""",""transfectionPlan"":{""version"":3,""material"":""dna"",""mixing"":""two-tube"",""protocol"":""custom"",""groups"":[{""name"":""DNA group"",""wells"":""6"",""overage"":""10"",""finalVolume"":""1000"",""dnaMode"":""amount"",""totalDna"":"""",""rnaMode"":""each-nm"",""totalRna"":"""",""rows"":[{""name"":""Plasmid"",""kind"":""dna"",""stock"":""1"",""stockUnit"":""µg/µL"",""dose"":""2"",""sizeBasis"":""bp"",""size"":""""}],""reagent"":{""name"":""Custom lipid"",""basis"":""dna"",""amount"":""3"",""basisName"":"""",""basisUnit"":"""",""basisAmount"":""""},""auxiliaries"":[],""a"":{""mode"":""final"",""value"":""62.5""},""b"":{""mode"":""final"",""value"":""62.5""},""single"":{""mode"":""final"",""value"":""""},""diluent"":""Opti-MEM"",""order"":""A管核酸稀释后与B管稀释试剂混合，按已验证方案孵育，再加入细胞。 / Dilute nucleic acid in A and reagent in B; combine and follow the validated protocol before adding to cells.""},{""name"":""Control"",""wells"":""3"",""overage"":""10"",""finalVolume"":""1000"",""dnaMode"":""amount"",""totalDna"":"""",""rnaMode"":""each-nm"",""totalRna"":"""",""rows"":[{""name"":""Control plasmid"",""kind"":""dna"",""stock"":""2"",""stockUnit"":""µg/µL"",""dose"":""1"",""sizeBasis"":""bp"",""size"":""""}],""reagent"":{""name"":""Custom lipid"",""basis"":""direct"",""amount"":""2"",""basisName"":"""",""basisUnit"":"""",""basisAmount"":""""},""auxiliaries"":[],""a"":{""mode"":""final"",""value"":""50""},""b"":{""mode"":""final"",""value"":""50""},""single"":{""mode"":""final"",""value"":""""},""diluent"":""Opti-MEM"",""order"":""Prepare Control separately; combine A into B.""}]},""__displayUnits"":{}}","[{""key"":""group0_dna"",""label"":""DNA group · DNA per well"",""labelZh"":""DNA group · 每孔总DNA"",""value"":2,""unit"":""µg""},{""key"":""group0_a"",""label"":""DNA group · Tube A total per well"",""labelZh"":""DNA group · 每孔A管总体积"",""value"":62.5,""unit"":""µL""},{""key"":""group0_b"",""label"":""DNA group · Tube B total per well"",""labelZh"":""DNA group · 每孔B管总体积"",""value"":62.5,""unit"":""µL""},{""key"":""group0_mixed"",""label"":""DNA group · Mixture added per well"",""labelZh"":""DNA group · 每孔混合液加入量"",""value"":125,""unit"":""µL""},{""key"":""group0_final"",""label"":""DNA group · Final culture volume per well"",""labelZh"":""DNA group · 每孔最终培养体积"",""value"":1000,""unit"":""µL""},{""key"":""group0_medium"",""label"":""DNA group · Cell medium before addition"",""labelZh"":""DNA group · 加入混合液前培养基/细胞悬液"",""value"":875,""unit"":""µL""},{""key"":""group0_batch"",""label"":""DNA group · Batch supply incl. overage"",""labelZh"":""DNA group · 含余量整批备料体积"",""value"":825.0000000000001,""unit"":""µL""},{""key"":""group1_dna"",""label"":""Control · DNA per well"",""labelZh"":""Control · 每孔总DNA"",""value"":1,""unit"":""µg""},{""key"":""group1_a"",""label"":""Control · Tube A total per well"",""labelZh"":""Control · 每孔A管总体积"",""value"":50,""unit"":""µL""},{""key"":""group1_b"",""label"":""Control · Tube B total per well"",""labelZh"":""Control · 每孔B管总体积"",""value"":50,""unit"":""µL""},{""key"":""group1_mixed"",""label"":""Control · Mixture added per well"",""labelZh"":""Control · 每孔混合液加入量"",""value"":100,""unit"":""µL""},{""key"":""group1_final"",""label"":""Control · Final culture volume per well"",""labelZh"":""Control · 每孔最终培养体积"",""value"":1000,""unit"":""µL""},{""key"":""group1_medium"",""label"":""Control · Cell medium before addition"",""labelZh"":""Control · 加入混合液前培养基/细胞悬液"",""value"":900,""unit"":""µL""},{""key"":""group1_batch"",""label"":""Control · Batch supply incl. overage"",""labelZh"":""Control · 含余量整批备料体积"",""value"":330,""unit"":""µL""},{""key"":""dnaUg"",""label"":""Batch DNA incl. overage"",""labelZh"":""含余量整批DNA"",""value"":16.5,""unit"":""µg""}]","{}","[]"