project,researchPlan,runCode,title,date,status,recordStatus,primaryProtocolCode,protocolVersion,supportingProtocolCodes,researchPlanName,methodSources,purpose,background,materials,steps,observations,deviations,conclusion,tags
Synthetic historical Run 1788941315623,SYN-H-1788941315623,SYN-H-1788941315623,Synthetic historical Run,2026-09-09T08:08:35.781Z,running,draft,SYN-H-1788941315623-0,1.0,SYN-H-1788941315623-0; SYN-H-1788941315623-1; SYN-H-1788941315623-2,合成历史研究方案长名称长名称长名称长名称长名称长名称长名称长名称长名称长名称长名称长名称长名称长名称长名称长名称长名称长名称长名称长名称,合成历史规程1方法名称方法名称方法名称方法名称方法名称方法名称方法名称方法名称方法名称方法名称方法名称方法名称 · 1.0; 合成历史规程2方法名称方法名称方法名称方法名称方法名称方法名称方法名称方法名称方法名称方法名称方法名称方法名称 · 1.0; 合成历史规程3方法名称方法名称方法名称方法名称方法名称方法名称方法名称方法名称方法名称方法名称方法名称方法名称 · 1.0,,,,"手写内容始终保留
原记录参数
值
sample_count
2
actual_temperature_c
37
规程组1
✓ 正常取样
规程组2
✓ 偏差培养
偏差：实际延长5分钟
规程组3
✓ 异常处理
异常：设备停机；已更换设备后继续
未完成 未执行检测",,,,